Website,Unternehmen,Land,Handelsregister
adamandrose-clo.com,"Keine gültige Adresse, möglicher Verstoss gegen Art. 3 Abs. 1 lit. s UWG",Unbekannt 🏴‍☠️,
adams-fashion.com,E-COM BUY-UP COMPANY LIMITED,Grossbritannien 🇬🇧,13705169
adhs.store,"Keine gültige Adresse, möglicher Verstoss gegen Art. 3 Abs. 1 lit. s UWG",Unbekannt 🏴‍☠️,
adonti.com,Besmir Alji,Schweiz 🇨🇭,CHE-418.668.004
adrina-zurich.ch,OG Commerce GmbH,Schweiz 🇨🇭,CHE-278.357.481
adventure-shop.at,PIXELTRADE LIMITED,Hong Kong 🇭🇰,76961363
adventures-world.com,BGF Investment GmbH in Liquidation,Schweiz 🇨🇭,CHE-369.533.118
aeroback.ch,Ruch E-Commerce,Schweiz 🇨🇭,CHE-138.624.014
agogpets.ch,"Keine gültige Adresse, möglicher Verstoss gegen Art. 3 Abs. 1 lit. s UWG",Unbekannt 🏴‍☠️,
akkupc.ch,"Keine gültige Adresse, möglicher Verstoss gegen Art. 3 Abs. 1 lit. s UWG",Unbekannt 🏴‍☠️,
akkusnotebook.com,"Keine gültige Adresse, möglicher Verstoss gegen Art. 3 Abs. 1 lit. s UWG",Unbekannt 🏴‍☠️,
aktiveexerse.ch,"Keine gültige Adresse, möglicher Verstoss gegen Art. 3 Abs. 1 lit. s UWG",Unbekannt 🏴‍☠️,
aktivgesund.ch,"Keine gültige Adresse, möglicher Verstoss gegen Art. 3 Abs. 1 lit. s UWG",Unbekannt 🏴‍☠️,
aktuelle-rezensionen.com,RapidEcom,Niederlande 🇳🇱,85882089
albrechtmode.de,E-COM BUY-UP COMPANY LIMITED,Grossbritannien 🇬🇧,13705169
alectra.ch,Ganic Company,Schweiz 🇨🇭,CHE-359.876.522
alex-mode.de,"Keine gültige Adresse, möglicher Verstoss gegen Art. 3 Abs. 1 lit. s UWG",Unbekannt 🏴‍☠️,
all-storeschweiz.ch,Kai Burgermeister,Schweiz 🇨🇭,Privatperson
allegracrystaljewellery.com,"Keine gültige Adresse, möglicher Verstoss gegen Art. 3 Abs. 1 lit. s UWG",Unbekannt 🏴‍☠️,
allesfuerkueche.de,G. Dimmendaal Payment Collector B.V.,Niederlande 🇳🇱,88038173
alltego.ch,Krystian Kornak,Schweiz 🇨🇭,Privatperson
allyourneeds.ch,news & sweets GmbH,Schweiz 🇨🇭,CHE-289.231.068
almas-butik.dk,"Keine gültige Adresse, möglicher Verstoss gegen Art. 3 Abs. 1 lit. s UWG",Unbekannt 🏴‍☠️,
almora.ch,"Keine gültige Adresse, möglicher Verstoss gegen Art. 3 Abs. 1 lit. s UWG",Unbekannt 🏴‍☠️,
alp-shop.ch,Ajdini Skal Brand,Schweiz 🇨🇭,CHE-482.283.071
alp-shop.ch,"Keine gültige Adresse, möglicher Verstoss gegen Art. 3 Abs. 1 lit. s UWG",Unbekannt 🏴‍☠️,
alp-shop.ch,Odyssey Scaling Sàrlc/o ExpertFid & Audit AGSinserstrasse 656330 Cham,Schweiz 🇨🇭,CHE-461.344.689
alpen-luxe.ch,Zerka Online BV,Niederlande 🇳🇱,85827576
alpen-modehaus.ch,"Keine gültige Adresse, möglicher Verstoss gegen Art. 3 Abs. 1 lit. s UWG",Unbekannt 🏴‍☠️,
alpen-modehaus.com,GlobalCommerce Enterprises B.V,Niederlande 🇳🇱,93043260
alpen-modehaus.com,GlobalCommerce Enterprises B.V.Geograaf 166921 EW Duiven,Niederlande 🇳🇱,93043260
alpenfit.ch,swissVision Bitterli Sandmattstrasse 74532 Feldbrunnen,Schweiz 🇨🇭,CHE-344.869.813
alpenfluss.ch,"Keine gültige Adresse, möglicher Verstoss gegen Art. 3 Abs. 1 lit. s UWG",Unbekannt 🏴‍☠️,
alpengesund.ch,"Keine gültige Adresse, möglicher Verstoss gegen Art. 3 Abs. 1 lit. s UWG",Unbekannt 🏴‍☠️,
alpenia.ch,Marcel Bächtold,Schweiz 🇨🇭,Privatperson
alpenkrone.ch,S.A.T Company KLG,Schweiz 🇨🇭,CHE-490.919.988
alpenmarket.ch,"Keine gültige Adresse, möglicher Verstoss gegen Art. 3 Abs. 1 lit. s UWG",Unbekannt 🏴‍☠️,
alpensattel.de,Shop Force GmbH,Deutschland 🇩🇪,HRB 102303
alpexswiss.com,Alisson Afranio dos Anjos de Oliveira,China 🇨🇳,52.760.781/0001-16
alphara.ch,Chinello,Schweiz 🇨🇭,CHE-485.857.175
alpine-elegance.ch,Chaperon the brand,Niederlande 🇳🇱,83186697
alpine-eleganz.com,"Keine gültige Adresse, möglicher Verstoss gegen Art. 3 Abs. 1 lit. s UWG",Unbekannt 🏴‍☠️,
alpineattire.ch,EA E-Commerce,Niederlande 🇳🇱,78643058
alpinelegance.com,"Keine gültige Adresse, möglicher Verstoss gegen Art. 3 Abs. 1 lit. s UWG",Unbekannt 🏴‍☠️,
alpiner-stil.com,Alpiner Stil,Niederlande 🇳🇱,
alpinesure.ch,"Keine gültige Adresse, möglicher Verstoss gegen Art. 3 Abs. 1 lit. s UWG",Unbekannt 🏴‍☠️,
alpyn.ch,Alessandro Pendola,Schweiz 🇨🇭,CHE-495.917.005
alurea.ch,Ecom Raho Romero,Schweiz 🇨🇭,CHE-294.882.018
alzenaswiss.com,"Keine gültige Adresse, möglicher Verstoss gegen Art. 3 Abs. 1 lit. s UWG",Unbekannt 🏴‍☠️,
amawa.ch,"Keine gültige Adresse, möglicher Verstoss gegen Art. 3 Abs. 1 lit. s UWG",Unbekannt 🏴‍☠️,
amelia-zurich.ch,"Keine gültige Adresse, möglicher Verstoss gegen Art. 3 Abs. 1 lit. s UWG",Unbekannt 🏴‍☠️,
ameliquezrh.com,DFL Agency,Niederlande 🇳🇱,89902688
amnio.ch,"Keine gültige Adresse, möglicher Verstoss gegen Art. 3 Abs. 1 lit. s UWG",Unbekannt 🏴‍☠️,
amodefashion.com,Amodefashion,Niederlande 🇳🇱,
amora-bern.ch,DCFH PARTNERS LTD,Grossbritannien 🇬🇧,17049355
amora-mode.com,"Keine gültige Adresse, möglicher Verstoss gegen Art. 3 Abs. 1 lit. s UWG",Unbekannt 🏴‍☠️,
amoremoda.ch,"Keine gültige Adresse, möglicher Verstoss gegen Art. 3 Abs. 1 lit. s UWG",Unbekannt 🏴‍☠️,
andersenbutik.dk,Kokee Ede,Niederlande 🇳🇱,09124563
andersentrondheim.com,J.M. Trading B.V.,Niederlande 🇳🇱,90908775
aninu.de,Florian GansmeierAchwaldstrasse 4d80999 München,Deutschland 🇩🇪,
aniwild.ch,"Keine gültige Adresse, möglicher Verstoss gegen Art. 3 Abs. 1 lit. s UWG",Unbekannt 🏴‍☠️,
anna-modehaus.ch,Goodiesforyou Limited,China 🇨🇳,
anna-modehaus.com,Goodiesforyou Limited,China 🇨🇳,
annaszurich.com,"Keine gültige Adresse, möglicher Verstoss gegen Art. 3 Abs. 1 lit. s UWG",Unbekannt 🏴‍☠️,
apexvistade.com,"Keine gültige Adresse, möglicher Verstoss gegen Art. 3 Abs. 1 lit. s UWG",Unbekannt 🏴‍☠️,
aquil.ch,Aldin Babic,Schweiz 🇨🇭,Privatperson
ardena.ch,"Keine gültige Adresse, möglicher Verstoss gegen Art. 3 Abs. 1 lit. s UWG",Unbekannt 🏴‍☠️,
ardeni.ch,"Keine gültige Adresse, möglicher Verstoss gegen Art. 3 Abs. 1 lit. s UWG",Unbekannt 🏴‍☠️,
areliagems.com,"Keine gültige Adresse, möglicher Verstoss gegen Art. 3 Abs. 1 lit. s UWG",Unbekannt 🏴‍☠️,
arielle-geneve.com,"Keine gültige Adresse, möglicher Verstoss gegen Art. 3 Abs. 1 lit. s UWG",Unbekannt 🏴‍☠️,
arosaversand.ch,Oesterle Trading Corporation,Schweiz 🇨🇭,CHE-341.299.625
arrani.ch,Andrzej Lupa TradeLead,Polen 🇵🇱,367965813
arsect.com,"Keine gültige Adresse, möglicher Verstoss gegen Art. 3 Abs. 1 lit. s UWG",Unbekannt 🏴‍☠️,
aspenclothes.com,CREATESI GmbH,Schweiz 🇨🇭,CHE-395.469.420
aspiria.ch,Wolf Commerce,Schweiz 🇨🇭,CHE-322.957.876
astridpedersen.com,DIGITAL DYNAMO MARKETING AGENCY LIMITED,China 🇨🇳,
atelierluzern.com,The Deliverybox BV,Niederlande 🇳🇱,
atluminara.com,"Keine gültige Adresse, möglicher Verstoss gegen Art. 3 Abs. 1 lit. s UWG",Unbekannt 🏴‍☠️,
aurashop.ch,"Keine gültige Adresse, möglicher Verstoss gegen Art. 3 Abs. 1 lit. s UWG",Unbekannt 🏴‍☠️,
aureliezurich.ch,"Keine gültige Adresse, möglicher Verstoss gegen Art. 3 Abs. 1 lit. s UWG",Unbekannt 🏴‍☠️,
aureliusmode.ch,"Keine gültige Adresse, möglicher Verstoss gegen Art. 3 Abs. 1 lit. s UWG",Unbekannt 🏴‍☠️,
aurenzurich.ch,"Keine gültige Adresse, möglicher Verstoss gegen Art. 3 Abs. 1 lit. s UWG",Unbekannt 🏴‍☠️,
aurenzurich.ch,"Keine gültige Adresse, möglicher Verstoss gegen Art. 3 Abs. 1 lit. s UWG",Unbekannt 🏴‍☠️,
aurivo.de,"Keine gültige Adresse, möglicher Verstoss gegen Art. 3 Abs. 1 lit. s UWG",Unbekannt 🏴‍☠️,
autogear.ch,Swiss E Group GmbH,Schweiz 🇨🇭,CHE-196.221.324
autoprinz.ch,BGF Investment GmbH in Liquidation,Schweiz 🇨🇭,CHE-369.533.118
autumnofferoasis.com,"Keine gültige Adresse, möglicher Verstoss gegen Art. 3 Abs. 1 lit. s UWG",Unbekannt 🏴‍☠️,
avelena.de,MJ-online,Niederlande 🇳🇱,74096192
avencea.com,MX GLOBAL LTD,Grossbritannien 🇬🇧,15190697
avenueswiss.ch,"Keine gültige Adresse, möglicher Verstoss gegen Art. 3 Abs. 1 lit. s UWG",Unbekannt 🏴‍☠️,
avery-zurich.ch,Postizzi Fashion,Schweiz 🇨🇭,CHE-480.466.554
avery-zurich.ch,"Keine gültige Adresse, möglicher Verstoss gegen Art. 3 Abs. 1 lit. s UWG",Unbekannt 🏴‍☠️,
avuso.de,Marco Colucci,Deutschland 🇩🇪,Privatperson
aymozino.ch,aymozino KLG,Schweiz 🇨🇭,CHE-246.012.664
ayvista.ch,"Keine gültige Adresse, möglicher Verstoss gegen Art. 3 Abs. 1 lit. s UWG",Unbekannt 🏴‍☠️,
azari.ch,"Keine gültige Adresse, möglicher Verstoss gegen Art. 3 Abs. 1 lit. s UWG",Unbekannt 🏴‍☠️,
azoo.ch,"Keine gültige Adresse, möglicher Verstoss gegen Art. 3 Abs. 1 lit. s UWG",Unbekannt 🏴‍☠️,
azzlee.fr,"Keine gültige Adresse, möglicher Verstoss gegen Art. 3 Abs. 1 lit. s UWG",Unbekannt 🏴‍☠️,
babyboss.ch,"Keine gültige Adresse, möglicher Verstoss gegen Art. 3 Abs. 1 lit. s UWG",Unbekannt 🏴‍☠️,
babyjeta.ch,"Keine gültige Adresse, möglicher Verstoss gegen Art. 3 Abs. 1 lit. s UWG",Unbekannt 🏴‍☠️,
babylogik.ch,"Keine gültige Adresse, möglicher Verstoss gegen Art. 3 Abs. 1 lit. s UWG",Unbekannt 🏴‍☠️,
babyparadies-schweiz.ch,VENDORA LLC,USA 🇺🇸,3697556
baeverly.ch,Bae verly,Schweiz 🇨🇭,
baey.ch,Alphaprime GmbH,Schweiz 🇨🇭,CHE-411.156.039
bafinstore.ch,Spring Commerce,Schweiz 🇨🇭,CHE-237.470.080
balany.ch,"Keine gültige Adresse, möglicher Verstoss gegen Art. 3 Abs. 1 lit. s UWG",Unbekannt 🏴‍☠️,
balex-zurich.com,"Keine gültige Adresse, möglicher Verstoss gegen Art. 3 Abs. 1 lit. s UWG",Unbekannt 🏴‍☠️,
balus.ch,Buchs Digital,Schweiz 🇨🇭,CHE-238.717.739
barbayl.ch,"Keine gültige Adresse, möglicher Verstoss gegen Art. 3 Abs. 1 lit. s UWG",Unbekannt 🏴‍☠️,
barefooted.de,Adplace Limited,China 🇨🇳,3199426
barekick.com,Adplace Limited,China 🇨🇳,3199426
barekick.com,"Keine gültige Adresse, möglicher Verstoss gegen Art. 3 Abs. 1 lit. s UWG",Unbekannt 🏴‍☠️,
barfuss-step.ch,E-Commerce eberhart solutionAllmiried 13755 Horboden,Schweiz 🇨🇭,
barfusschweiz.ch,A&H Consulting Group LLP,Grossbritannien 🇬🇧,OC447753
basel-belle.com,"Keine gültige Adresse, möglicher Verstoss gegen Art. 3 Abs. 1 lit. s UWG",Unbekannt 🏴‍☠️,
baseltrend.com,"Keine gültige Adresse, möglicher Verstoss gegen Art. 3 Abs. 1 lit. s UWG",Unbekannt 🏴‍☠️,
bastoz.ch,"Keine gültige Adresse, möglicher Verstoss gegen Art. 3 Abs. 1 lit. s UWG",Unbekannt 🏴‍☠️,
bauluvio.ch,"Keine gültige Adresse, möglicher Verstoss gegen Art. 3 Abs. 1 lit. s UWG",Unbekannt 🏴‍☠️,
bauluvio.com,Bauluvio,Niederlande 🇳🇱,
baumann-modehaus.com,KJ ECOM,Niederlande 🇳🇱,91412749
baumannbern.com,Baumann Bern,Schweiz 🇨🇭,Privatperson
baumannzurich.ch,"Keine gültige Adresse, möglicher Verstoss gegen Art. 3 Abs. 1 lit. s UWG",Unbekannt 🏴‍☠️,
baumgartner-ortho.ch,"RB Trading, Bene",Schweiz 🇨🇭,CHE-441.767.319
bazeus.ch,NLORE,Niederlande 🇳🇱,77956133
beamerwelt.ch,Raphael Sutter,Schweiz 🇨🇭,Privatperson
beautiva.ch,Beautiva Einzelunternehmen,Schweiz 🇨🇭,CHE-150.809.470
beautything.ch,Chiamour Miggiano,Schweiz 🇨🇭,CHE-444.201.741
beautything.ch,E-Commerce MiggianoIm Winkel 105624 Bünzen,Schweiz 🇨🇭,CHE-265.330.248
becker-boutique.com,"Keine gültige Adresse, möglicher Verstoss gegen Art. 3 Abs. 1 lit. s UWG",Unbekannt 🏴‍☠️,
becker-modehaus.de,JK Ecom B.V.,Niederlande 🇳🇱,91018242
beckmannberlin.de,KZ SMMA SOLUTIONS B.V.,Niederlande 🇳🇱,90519493
belavie.ch,"Keine gültige Adresse, möglicher Verstoss gegen Art. 3 Abs. 1 lit. s UWG",Unbekannt 🏴‍☠️,
bellabasel.ch,Nesina E-Commerce,Schweiz 🇨🇭,CHE-316.106.605
bellachicha.com,Bellachicha,Niederlande 🇳🇱,77042332
bellajolie.ch,"Keine gültige Adresse, möglicher Verstoss gegen Art. 3 Abs. 1 lit. s UWG",Unbekannt 🏴‍☠️,
bellebclothing.ch,BELLEB GmbH,Schweiz 🇨🇭,CHE-234.051.083
bellebern.ch,Nesina E-Commerce,Schweiz 🇨🇭,CHE-316.106.605
bellesofie.de,BJ-ECOM B.V.,Niederlande 🇳🇱,NL864899269B01
belleva.de,Tenex Limited,China 🇨🇳,76733671
bellevo.ch,"Keine gültige Adresse, möglicher Verstoss gegen Art. 3 Abs. 1 lit. s UWG",Unbekannt 🏴‍☠️,
bellezas.ch,"Keine gültige Adresse, möglicher Verstoss gegen Art. 3 Abs. 1 lit. s UWG",Unbekannt 🏴‍☠️,
belloova.com,Sylvia Huwiler,Schweiz 🇨🇭,CHE-265.670.945
belluna.ch,Murer Ecommerce,Schweiz 🇨🇭,CHE-447.286.656
belmari.ch,"Keine gültige Adresse, möglicher Verstoss gegen Art. 3 Abs. 1 lit. s UWG",Unbekannt 🏴‍☠️,
belvital.ch,"Keine gültige Adresse, möglicher Verstoss gegen Art. 3 Abs. 1 lit. s UWG",Unbekannt 🏴‍☠️,
bemolino.ch,BemolinoMeiliweg 98055 Zürich,Schweiz 🇨🇭,
bemolino.ch,12 Wylie RoadSha TInHong Kong,Hong Kong 🇭🇰,
bennett-sydney.com,"Keine gültige Adresse, möglicher Verstoss gegen Art. 3 Abs. 1 lit. s UWG",Unbekannt 🏴‍☠️,
bennettandbloom.ch,WNR E-commerce B.V.,Niederlande 🇳🇱,91541913
bequemeschuhe.info,MNM Marketing GmbH,Österreich 🇦🇹,607534h
berg-mode.de,"Keine gültige Adresse, möglicher Verstoss gegen Art. 3 Abs. 1 lit. s UWG",Unbekannt 🏴‍☠️,
berge-bern.com,"Keine gültige Adresse, möglicher Verstoss gegen Art. 3 Abs. 1 lit. s UWG",Unbekannt 🏴‍☠️,
berger-luzern.ch,"Keine gültige Adresse, möglicher Verstoss gegen Art. 3 Abs. 1 lit. s UWG",Unbekannt 🏴‍☠️,
bergerzurich.com,Berger Zürich,Hong Kong 🇭🇰,3200349
bergkraftshop.ch,Odyssey Scaling SàrlExpertFid & Audit AGSinserstrasse 656330 Cham,Schweiz 🇨🇭,CHE-461.3443.689
bergmode.ch,"Keine gültige Adresse, möglicher Verstoss gegen Art. 3 Abs. 1 lit. s UWG",Unbekannt 🏴‍☠️,
bergschatz.de,"Keine gültige Adresse, möglicher Verstoss gegen Art. 3 Abs. 1 lit. s UWG",Unbekannt 🏴‍☠️,
bergwalt-mode.com,Hemelvuur 113454 SP Utrecht,Niederlande 🇳🇱,
bergxperten.de,"Keine gültige Adresse, möglicher Verstoss gegen Art. 3 Abs. 1 lit. s UWG",Unbekannt 🏴‍☠️,
berlinboutiqueshop-de.com,Rijker Products,Niederlande 🇳🇱,89004779
berlinfashionstore.com,Rijker Products,Niederlande 🇳🇱,89004779
bernlive.com,Chelvarayan Ventures,Schweiz 🇨🇭,CHE-224.419.394
bernsoutlet.com,Bern's Outlet,Schweiz 🇨🇭,
bernstil.ch,"Keine gültige Adresse, möglicher Verstoss gegen Art. 3 Abs. 1 lit. s UWG",Unbekannt 🏴‍☠️,
beste-mode.ch,Goodiesforyou Limited,China 🇨🇳,
bestsellr.ch,E-Commerce Stoilov,Schweiz 🇨🇭,
betheknow.com,"Keine gültige Adresse, möglicher Verstoss gegen Art. 3 Abs. 1 lit. s UWG",Unbekannt 🏴‍☠️,
betterbreathe.ch,"Keine gültige Adresse, möglicher Verstoss gegen Art. 3 Abs. 1 lit. s UWG",Unbekannt 🏴‍☠️,
bh-welt.ch,"Dongguan Yunling Electronic Technology Co., Ltd",China 🇨🇳,91441900MA4UTXQG6H
bigrey.ch,S. Demusi,Schweiz 🇨🇭,CHE-321.781.741
bikeheroes.at,MNM Marketing GmbH,Österreich 🇦🇹,607534h
bingen.ch,DC Trade Lemmens,Schweiz 🇨🇭,CHE-403.623.257
binoyo.com,AP BrandInvent GmbH,Schweiz 🇨🇭,CHE-380.911.795
black-ueli.ch,Black Ueli GmbH,Schweiz 🇨🇭,CHE-365.774.580
blazevideo.ch,"Keine gültige Adresse, möglicher Verstoss gegen Art. 3 Abs. 1 lit. s UWG",Unbekannt 🏴‍☠️,
blinix.ch,De Gennaro Commerce KLG,Schweiz 🇨🇭,CHE-153.328.959
blinkhub.ch,Marketing Agentur Wolf,Schweiz 🇨🇭,CHE-425.898.667
blissberlin.de,KZ SMMA SOLUTIONS B.V.,Niederlande 🇳🇱,90519493
blissberlin.de,KZ SMMA Solutions BVWesterstraat 103016DH Rotterdam,Niederlande 🇳🇱,90519493
blizzari.ch,"Keine gültige Adresse, möglicher Verstoss gegen Art. 3 Abs. 1 lit. s UWG",Unbekannt 🏴‍☠️,
blues-zurich.com,"Keine gültige Adresse, möglicher Verstoss gegen Art. 3 Abs. 1 lit. s UWG",Unbekannt 🏴‍☠️,
blumiya.ch,Ahmed Ali Fodil,Schweiz 🇨🇭,CHE-434.906.395
blurey.ch,"Keine gültige Adresse, möglicher Verstoss gegen Art. 3 Abs. 1 lit. s UWG",Unbekannt 🏴‍☠️,
bohmezurich.com,"Keine gültige Adresse, möglicher Verstoss gegen Art. 3 Abs. 1 lit. s UWG",Unbekannt 🏴‍☠️,
bon-chance.ch,LozoWeb,Niederlande 🇳🇱,75651890
bonidashop.ch,"Keine gültige Adresse, möglicher Verstoss gegen Art. 3 Abs. 1 lit. s UWG",Unbekannt 🏴‍☠️,
bonidashop.com,Bonidashop,Niederlande 🇳🇱,89720504
bosco-ch.com,"GL ADVISORY CO, LIMITEDLAT 1512, 15/F, LUCKY CENTRE, NO.165-171 WAN CHAI ROAD, WAN CHAI, HONG KONG",Hong Kong 🇭🇰,75049358
boutique-bern.ch,OG Commerce GmbH,Schweiz 🇨🇭,CHE-278.357.481
boutique-maximon.ch,"Keine gültige Adresse, möglicher Verstoss gegen Art. 3 Abs. 1 lit. s UWG",Unbekannt 🏴‍☠️,
boutiqueamrhyy.ch,Hohl Trading ?,Schweiz 🇨🇭,CHE-136.291.663
boutiqueschweiz.ch,FERNANTU LIMITED,Grossbritannien 🇬🇧,15795108
boutiqueschweiz.ch,"Keine gültige Adresse, möglicher Verstoss gegen Art. 3 Abs. 1 lit. s UWG",Unbekannt 🏴‍☠️,
boutiquevivante.com,Boutique Vivante,Niederlande 🇳🇱,
boxhero-deutschland.com,Judith Planas Benito,Spanien 🇪🇸,Privatperson
boxhero.co,"Keine gültige Adresse, möglicher Verstoss gegen Art. 3 Abs. 1 lit. s UWG",Unbekannt 🏴‍☠️,
boxhero.co,"M Ecom Master Limited71-75, Shelton StreetWC2H 9JQ LondonRoyaume-Uni",Grossbritannien 🇬🇧,
brillanta.ch,"Keine gültige Adresse, möglicher Verstoss gegen Art. 3 Abs. 1 lit. s UWG",Unbekannt 🏴‍☠️,
brunnerluzern.com,"Keine gültige Adresse, möglicher Verstoss gegen Art. 3 Abs. 1 lit. s UWG",Unbekannt 🏴‍☠️,
brunnerzurich.com,Furmey B.V.,Niederlande 🇳🇱,84833440
bruu.ch,coup.swiss GmbH,Schweiz 🇨🇭,CHE-230.214.736
bubbelwelt.ch,"Keine gültige Adresse, möglicher Verstoss gegen Art. 3 Abs. 1 lit. s UWG",Unbekannt 🏴‍☠️,
bucher-zurich.ch,"Keine gültige Adresse, möglicher Verstoss gegen Art. 3 Abs. 1 lit. s UWG",Unbekannt 🏴‍☠️,
buchermode.ch,Haska Limited HK,Hong Kong 🇭🇰,
budbella.ch,"Keine gültige Adresse, möglicher Verstoss gegen Art. 3 Abs. 1 lit. s UWG",Unbekannt 🏴‍☠️,
buddypaw.ch,"Keine gültige Adresse, möglicher Verstoss gegen Art. 3 Abs. 1 lit. s UWG",Unbekannt 🏴‍☠️,
buenome.com,"Keine gültige Adresse, möglicher Verstoss gegen Art. 3 Abs. 1 lit. s UWG",Unbekannt 🏴‍☠️,
bunj.ch,"Bunji, Inh. Lalik",Schweiz 🇨🇭,CHE-306.409.010
burelia.com,MX GLOBAL LTD,Grossbritannien 🇬🇧,15190697
buynblue.com,eVolution Commerce GmbH,Schweiz 🇨🇭,CHE-212.998.471
bybalita.de,"Dongguan Yunling Electronic Technology Co., Ltd",China 🇨🇳,91441900MA4UTXQG6H
bybalita.de,MX GLOBAL LTD,Grossbritannien 🇬🇧,15190697
bycheri.de,Robur Commerce B.V.,Niederlande 🇳🇱,93475454
calestria.de,GlobalCommerce Enterprises B.V.Geograaf 166921 EW Duiven,Niederlande 🇳🇱,93043260
calmeo.ch,Maxence Maingot,Schweiz 🇨🇭,Privatperson
calmpulse.ch,"Keine gültige Adresse, möglicher Verstoss gegen Art. 3 Abs. 1 lit. s UWG",Unbekannt 🏴‍☠️,
camila-geneve.com,"Keine gültige Adresse, möglicher Verstoss gegen Art. 3 Abs. 1 lit. s UWG",Unbekannt 🏴‍☠️,
campwild.ch,Cerqueira Conde CompanyAlvierweg 19477 Trübbach,Schweiz 🇨🇭,
canodostreetwear.com,E-COM BUY-UP COMPANY LIMITED,Grossbritannien 🇬🇧,13705169
cardrip.de,Jonas Häuser,Deutschland 🇩🇪,DE360075407
cartio.ch,"Keine gültige Adresse, möglicher Verstoss gegen Art. 3 Abs. 1 lit. s UWG",Unbekannt 🏴‍☠️,
cartsy.ch,Robin SchmittDorfstrasse 293116 Kirchdorf,Schweiz 🇨🇭,
casenora.com,"Keine gültige Adresse, möglicher Verstoss gegen Art. 3 Abs. 1 lit. s UWG",Unbekannt 🏴‍☠️,
casey-london.com,KJ ECOM,Niederlande 🇳🇱,91412749
catherine-ellington.com,"Keine gültige Adresse, möglicher Verstoss gegen Art. 3 Abs. 1 lit. s UWG",Unbekannt 🏴‍☠️,
cattitude.ch,"Keine gültige Adresse, möglicher Verstoss gegen Art. 3 Abs. 1 lit. s UWG",Unbekannt 🏴‍☠️,
catzcat.ch,"Keine gültige Adresse, möglicher Verstoss gegen Art. 3 Abs. 1 lit. s UWG",Unbekannt 🏴‍☠️,
catzyfied.ch,LC Solutions GmbH,Schweiz 🇨🇭,CHE-220.173.343
cavallozurich.com,"Keine gültige Adresse, möglicher Verstoss gegen Art. 3 Abs. 1 lit. s UWG",Unbekannt 🏴‍☠️,
caveria.se,Next E-Commerce,Niederlande 🇳🇱,72054840
celana-berlin.de,JK Ecom B.V.,Niederlande 🇳🇱,91018242
celana.de,JK Ecom B.V.,Niederlande 🇳🇱,91018242
celestino-firenze.it,"Keine gültige Adresse, möglicher Verstoss gegen Art. 3 Abs. 1 lit. s UWG",Unbekannt 🏴‍☠️,
ceozurich.store,"Keine gültige Adresse, möglicher Verstoss gegen Art. 3 Abs. 1 lit. s UWG",Unbekannt 🏴‍☠️,
charvere.com,Huijbregts Trades,Niederlande 🇳🇱,89539885
ch.gesundpur.at,GesundPur,Deutschland 🇩🇪,
ch.minopia.com,SAS PremiumRue de Clichy 2475009 Paris,Frankreich 🇫🇷,98150206500015
che.grandado.com,Mediapress Ltd.,Hong Kong 🇭🇰,
check-it-out.ch,"Keine gültige Adresse, möglicher Verstoss gegen Art. 3 Abs. 1 lit. s UWG",Unbekannt 🏴‍☠️,
chefbrett.ch,Alphaprime GmbH,Schweiz 🇨🇭,CHE-411.156.039
chicley.de,"Keine gültige Adresse, möglicher Verstoss gegen Art. 3 Abs. 1 lit. s UWG",Unbekannt 🏴‍☠️,
chiclyberlin.de,KZ SMMA SOLUTIONS B.V.,Niederlande 🇳🇱,90519493
chiclyzurich.ch,KZ SMMA SOLUTIONS B.V.,Niederlande 🇳🇱,90519493
chicquemoda.com,"Keine gültige Adresse, möglicher Verstoss gegen Art. 3 Abs. 1 lit. s UWG",Unbekannt 🏴‍☠️,
clark-fashion.com,E-COM BUY-UP COMPANY LIMITED,Grossbritannien 🇬🇧,13705169
claudia-atelier.de,Premium Brands LimitedWorld Trust TowerStanley Street 50Central Hong Kong,Hong Kong 🇭🇰,
claudiasschmuck.ch,"Keine gültige Adresse, möglicher Verstoss gegen Art. 3 Abs. 1 lit. s UWG",Unbekannt 🏴‍☠️,
cleora-mode.com,GlobalCommerce Enterprises B.V,Niederlande 🇳🇱,93043260
clerasse.ch,Ecom Raho Romero,Schweiz 🇨🇭,CHE-294.882.018
clickthrills.ch,"Keine gültige Adresse, möglicher Verstoss gegen Art. 3 Abs. 1 lit. s UWG",Unbekannt 🏴‍☠️,
clixir.ch,"Keine gültige Adresse, möglicher Verstoss gegen Art. 3 Abs. 1 lit. s UWG",Unbekannt 🏴‍☠️,
clodaa.ch,"Keine gültige Adresse, möglicher Verstoss gegen Art. 3 Abs. 1 lit. s UWG",Unbekannt 🏴‍☠️,
cogal.ch,L. Lukaj,Schweiz 🇨🇭,CHE-449.459.666
coleter.ro,NEW ENDLESS TECHNOLOGY LTD.,Grossbritannien 🇬🇧,11296720
coleter.se,NEW ENDLESS TECHNOLOGY LTD.,Grossbritannien 🇬🇧,11296720
collenzo.ch,"Keine gültige Adresse, möglicher Verstoss gegen Art. 3 Abs. 1 lit. s UWG",Unbekannt 🏴‍☠️,
comfortly.ch,P. Filipovic,Schweiz 🇨🇭,Einzelunternehmen
comfy-family.co,Monsteo SEO Limited,Hong Kong 🇭🇰,
comfyfamily.co,Monsteo SEO Limited,Hong Kong 🇭🇰,
comfyknirpse.ch,Timm Schatz,Schweiz 🇨🇭,Privatperson
convido.ch,"Keine gültige Adresse, möglicher Verstoss gegen Art. 3 Abs. 1 lit. s UWG",Unbekannt 🏴‍☠️,
coolbe.ch,"Keine gültige Adresse, möglicher Verstoss gegen Art. 3 Abs. 1 lit. s UWG",Lettland 🇱🇻,
coolect.ch,"Keine gültige Adresse, möglicher Verstoss gegen Art. 3 Abs. 1 lit. s UWG",Unbekannt 🏴‍☠️,
coozy.ch,"Keine gültige Adresse, möglicher Verstoss gegen Art. 3 Abs. 1 lit. s UWG",Unbekannt 🏴‍☠️,
copona.ch,Müller Technology Consulting,Schweiz 🇨🇭,CHE-320.507.462
coreex.ch,Stoob E-Commerce,Schweiz 🇨🇭,CHE-450.531.827
coreex.ch,"Aureon Global Private Limited2 Venture Drive, #06-24Vision Exchange608526 Singapore",Singapore 🇸🇬,
cosmos-bracelets.co,"Keine gültige Adresse, möglicher Verstoss gegen Art. 3 Abs. 1 lit. s UWG",Unbekannt 🏴‍☠️,
couturelondon.uk,"Keine gültige Adresse, möglicher Verstoss gegen Art. 3 Abs. 1 lit. s UWG",Unbekannt 🏴‍☠️,
cozeymaison.com,Dick Ketstraat 145645 LB Eindhoven,Niederlande 🇳🇱,NL867088370B01
cozo.ch,"Keine gültige Adresse, möglicher Verstoss gegen Art. 3 Abs. 1 lit. s UWG",Unbekannt 🏴‍☠️,
cozyandcasa.com,BGF Investment GmbH in Liquidation,Schweiz 🇨🇭,CHE-369.533.118
cozyandcasa.com,VENDORA LLC,USA 🇺🇸,3697556
cozysteps.ch,"Keine gültige Adresse, möglicher Verstoss gegen Art. 3 Abs. 1 lit. s UWG",Unbekannt 🏴‍☠️,
cozytime.ch,"Skitty,neziri",Schweiz 🇨🇭,CHE-150.809.470
cozyva.ch,"Keine gültige Adresse, möglicher Verstoss gegen Art. 3 Abs. 1 lit. s UWG",Unbekannt 🏴‍☠️,
cramer.ch,"Keine gültige Adresse, möglicher Verstoss gegen Art. 3 Abs. 1 lit. s UWG",Niederlande 🇳🇱,
createhome.ch,E-Commerce Partner GmbH,Schweiz 🇨🇭,CHE-326.397.284
crossy.ch,Online-Shop Schweiz GmbH,Schweiz 🇨🇭,CHE-212.537.288
csomagpostas.hu,NEW ENDLESS TECHNOLOGY LTD.,Grossbritannien 🇬🇧,11296720
cuddle-cloud.com,VENDORA LLC,USA 🇺🇸,3697556
curemedici.com,"Keine gültige Adresse, möglicher Verstoss gegen Art. 3 Abs. 1 lit. s UWG",Unbekannt 🏴‍☠️,
czarinajewellery.com,VENDORA LLC,USA 🇺🇸,3697556
daily-finds.ch,"Keine gültige Adresse, möglicher Verstoss gegen Art. 3 Abs. 1 lit. s UWG",Unbekannt 🏴‍☠️,
dailyhome.ch,"Keine gültige Adresse, möglicher Verstoss gegen Art. 3 Abs. 1 lit. s UWG",Unbekannt 🏴‍☠️,
dailymode.co.uk,Goodiesforyou Limited,China 🇨🇳,
dailythings.ch,"Keine gültige Adresse, möglicher Verstoss gegen Art. 3 Abs. 1 lit. s UWG",Unbekannt 🏴‍☠️,
dalindo.ch,"Keine gültige Adresse, möglicher Verstoss gegen Art. 3 Abs. 1 lit. s UWG",Unbekannt 🏴‍☠️,
dalson.ch,"Keine gültige Adresse, möglicher Verstoss gegen Art. 3 Abs. 1 lit. s UWG",Unbekannt 🏴‍☠️,
dambo.ch,"Keine gültige Adresse, möglicher Verstoss gegen Art. 3 Abs. 1 lit. s UWG",Unbekannt 🏴‍☠️,
das-essentials.ch,"Dongguan Yunling Electronic Technology Co., Ltd",China 🇨🇳,91441900MA4UTXQG6H
das-montessori-spielzeug.de,Lotus Peak Anruibo LTD,China 🇨🇳,9972551-928-01-12-A
daseine.ch,"Keine gültige Adresse, möglicher Verstoss gegen Art. 3 Abs. 1 lit. s UWG",Unbekannt 🏴‍☠️,
dashausderjuwelenschweiz.com,"Keine gültige Adresse, möglicher Verstoss gegen Art. 3 Abs. 1 lit. s UWG",Unbekannt 🏴‍☠️,
dashdeal.ch,"Keine gültige Adresse, möglicher Verstoss gegen Art. 3 Abs. 1 lit. s UWG",Unbekannt 🏴‍☠️,
dashstore.ch,E-commerce Harlacher/Dashtore.ch,Schweiz 🇨🇭,
davincidaslabel.ch,"Keine gültige Adresse, möglicher Verstoss gegen Art. 3 Abs. 1 lit. s UWG",Unbekannt 🏴‍☠️,
davincidaslabel.de,"Keine gültige Adresse, möglicher Verstoss gegen Art. 3 Abs. 1 lit. s UWG",Unbekannt 🏴‍☠️,
daxda.ch,Patrick Basler,Schweiz 🇨🇭,Privatperson
de.doogee.com,"Keine gültige Adresse, möglicher Verstoss gegen Art. 3 Abs. 1 lit. s UWG",Unbekannt 🏴‍☠️,
deallora.ch,Dealora Amimi,Schweiz 🇨🇭,CHE-388.339.657
debruin-mode.nl,Goodiesforyou Limited,China 🇨🇳,
decarba.ch,Decarba,Niederlande 🇳🇱,
decorall.ch,"Keine gültige Adresse, möglicher Verstoss gegen Art. 3 Abs. 1 lit. s UWG",Unbekannt 🏴‍☠️,
decorbycharm.shop,Decor By Charm,Niederlande 🇳🇱,
deedlite.de,ELVES LIMITED,Frankreich 🇫🇷,951 646 165
dein-modehaus.de,"Keine gültige Adresse, möglicher Verstoss gegen Art. 3 Abs. 1 lit. s UWG",Unbekannt 🏴‍☠️,
dein-pfotenfreund.com,"Keine gültige Adresse, möglicher Verstoss gegen Art. 3 Abs. 1 lit. s UWG",Unbekannt 🏴‍☠️,
dein-tierbedarf.ch,Malinao LimitedBoss Commercial Centre28 Ferry StreetYau Ma Tei,Hong Kong 🇭🇰,
deinadvent.ch,Basler Kommerz GmbH,Schweiz 🇨🇭,CHE-464.684.495
dekoundwohn.com,MPR Commerce,Niederlande 🇳🇱,92599818
delopi.ch,Hoogerwerf Enterprise,Niederlande 🇳🇱,91092124
deluxo.ch,Basler Kommerz GmbH,Schweiz 🇨🇭,CHE-464.684.495
denmark-fashion.com,Goodiesforyou Limited,China 🇨🇳,
derila.ch,"Keine gültige Adresse, möglicher Verstoss gegen Art. 3 Abs. 1 lit. s UWG",Unbekannt 🏴‍☠️,
derilaergo.ch,"Keine gültige Adresse, möglicher Verstoss gegen Art. 3 Abs. 1 lit. s UWG",Unbekannt 🏴‍☠️,
dermalux-swiss.ch,Gianluca SciallaPelikanweg 24054 Basel,Schweiz 🇨🇭,
deskease.ch,"Keine gültige Adresse, möglicher Verstoss gegen Art. 3 Abs. 1 lit. s UWG",Unbekannt 🏴‍☠️,
devako.ch,Mol enterprises,Niederlande 🇳🇱,NL003125325B14
devako.ch,Hoogerwerf EnterprisePO BOX 513111007 EH Amsterdam,Niederlande 🇳🇱,
dexus.ch,Ecom Schwab,Schweiz 🇨🇭,CHE-370.832.757
dharokfashion.com,E-COM BUY-UP COMPANY LIMITED,Grossbritannien 🇬🇧,13705169
diardimats.com,Tornimäe tn 510145 TallinnEstland,Estland 🇪🇪,16329535
dijara.ch,Syntech Solutions AG,Schweiz 🇨🇭,
directnine.ch,Handelnine GlobalC/O AnibarroRoute de Saint-Cergue 241260 Nyon,Schweiz 🇨🇭,
divenza.ch,"Keine gültige Adresse, möglicher Verstoss gegen Art. 3 Abs. 1 lit. s UWG",Unbekannt 🏴‍☠️,
diverla.ch,"Keine gültige Adresse, möglicher Verstoss gegen Art. 3 Abs. 1 lit. s UWG",Unbekannt 🏴‍☠️,
dogadore.ch,iCommerce Savic,Schweiz 🇨🇭,CHE-387.039.046
dogbow.de,Syzana Prizreni,Schweiz 🇨🇭,Einzelunternehmen
donistas.com,Goodiesforyou Limited,China 🇨🇳,
doogee.com,"Keine gültige Adresse, möglicher Verstoss gegen Art. 3 Abs. 1 lit. s UWG",Unbekannt 🏴‍☠️,
douglasbrisbane.com,Douglas Brisbane,Hong Kong 🇭🇰,3200349
drappo.ch,"Keine gültige Adresse, möglicher Verstoss gegen Art. 3 Abs. 1 lit. s UWG",Unbekannt 🏴‍☠️,
drcomfy.ch,"Keine gültige Adresse, möglicher Verstoss gegen Art. 3 Abs. 1 lit. s UWG",Unbekannt 🏴‍☠️,
dream-luxe.ch,Blueprint Group GmbH,Schweiz 🇨🇭,CHE-401.316.519
dreamingstitch.com,"Keine gültige Adresse, möglicher Verstoss gegen Art. 3 Abs. 1 lit. s UWG",Unbekannt 🏴‍☠️,
dreamydeko.ch,Greiner Elevate,Schweiz 🇨🇭,CHE-267.606.148
dressnoble.ch,Dolinsky Digital Limited,China 🇨🇳,2979060
dressydeals.com,Muho Kalender,Schweiz 🇨🇭,Privatperson
drucklos.ch,Alphaprime GmbH,Schweiz 🇨🇭,CHE-411.156.039
duboismode.fr,E-COM BUY-UP COMPANY LIMITED,Grossbritannien 🇬🇧,13705169
dulopi.com,Hoogerwerf EnrerpriseDe Jacht 173261 TG Oudbeijerland,Niederlande 🇳🇱,
dy-rev.com,"Keine gültige Adresse, möglicher Verstoss gegen Art. 3 Abs. 1 lit. s UWG",Unbekannt 🏴‍☠️,
dydoo.ch,Sarganserstrasse 368880 Walenstadt,Schweiz 🇨🇭,
dylan-duesseldorf.de,"Keine gültige Adresse, möglicher Verstoss gegen Art. 3 Abs. 1 lit. s UWG",Unbekannt 🏴‍☠️,
easymart.ch,Nef-Ecom Consulting,Schweiz 🇨🇭,CHE-322.761.385
eclea-shop.ch,"Keine gültige Adresse, möglicher Verstoss gegen Art. 3 Abs. 1 lit. s UWG",Unbekannt 🏴‍☠️,
eco-tuch.ch,DCS Swiss GmbH,Schweiz 🇨🇭,CHE-462.838.155
edge-london.com,"Keine gültige Adresse, möglicher Verstoss gegen Art. 3 Abs. 1 lit. s UWG",Unbekannt 🏴‍☠️,
editron.ch,"Keine gültige Adresse, möglicher Verstoss gegen Art. 3 Abs. 1 lit. s UWG",Unbekannt 🏴‍☠️,
edora.ch,"Keine gültige Adresse, möglicher Verstoss gegen Art. 3 Abs. 1 lit. s UWG",Unbekannt 🏴‍☠️,
eifachgseit.ch,EcomVision KLG,Schweiz 🇨🇭,CHE-226.224.022
eiseamodehaus.ch,"Sonsbeeksingel 92-26821 AC, ArnhemNiederlande",Niederlande 🇳🇱,NL005046367B13
eisring.ch,"Keine gültige Adresse, möglicher Verstoss gegen Art. 3 Abs. 1 lit. s UWG",Unbekannt 🏴‍☠️,
elegantum.ch,"Keine gültige Adresse, möglicher Verstoss gegen Art. 3 Abs. 1 lit. s UWG",Unbekannt 🏴‍☠️,
eleganz-haus.de,"Keine gültige Adresse, möglicher Verstoss gegen Art. 3 Abs. 1 lit. s UWG",Unbekannt 🏴‍☠️,
elenastil.com,MVA Media Group Holding B.V.,Niederlande 🇳🇱,91503752
elenastil.com,MVA Media Group Holding B.V.,Niederlande 🇳🇱,91503752
elevenforest.com,"Keine gültige Adresse, möglicher Verstoss gegen Art. 3 Abs. 1 lit. s UWG",Unbekannt 🏴‍☠️,
elitesportique.ch,BGF Investment GmbH in Liquidation,Schweiz 🇨🇭,CHE-369.533.118
ella-brown.co.uk,Goodiesforyou Limited,China 🇨🇳,
ella-brownuk.com,Goodiesforyou Limited,China 🇨🇳,
elle-zurich.com,"Keine gültige Adresse, möglicher Verstoss gegen Art. 3 Abs. 1 lit. s UWG",Unbekannt 🏴‍☠️,
elle-zurich.com,Rue Picard 7Box 1001000 Brüssel,Belgien 🇧🇪,
ellensstore.ch,Aeby eCommerce,Schweiz 🇨🇭,CHE-395.438.721
elleven.ch,ECOM Group Jovanovic,Schweiz 🇨🇭,CHE-418.434.564
ellies-favorites.ch,"Keine gültige Adresse, möglicher Verstoss gegen Art. 3 Abs. 1 lit. s UWG",Unbekannt 🏴‍☠️,
elowa.ch,escape pod GmbH,Schweiz 🇨🇭,CHE-313.611.048
elowa.ch,escape pod GmbH6005 Luzern,Schweiz 🇨🇭,CHE-313.611.048
elphono.ch,V. Miftari,Schweiz 🇨🇭,Einzelunternehmen
eluno.ch,"Keine gültige Adresse, möglicher Verstoss gegen Art. 3 Abs. 1 lit. s UWG",Unbekannt 🏴‍☠️,
emaschmuck.com,Mode Galerie Limited,Hong Kong 🇭🇰,75791642
emilia-meyer.ch,LE Global Limited,China 🇨🇳,
emilia-zurich.com,"Keine gültige Adresse, möglicher Verstoss gegen Art. 3 Abs. 1 lit. s UWG",Unbekannt 🏴‍☠️,
emma-keller.de,Emma Keller,Niederlande 🇳🇱,
emmafrey.ch,Bruuge Marketing Limited,Irand 🇮🇪,771576
emmalugano.ch,MG Services,Niederlande 🇳🇱,90934962
emmaogliv.com,JHSN Online Limited,Hong Kong 🇭🇰,
emmaschmuck.com,"Keine gültige Adresse, möglicher Verstoss gegen Art. 3 Abs. 1 lit. s UWG",Unbekannt 🏴‍☠️,
emmastore.ch,SOFIADRESS MARZETTA,Schweiz 🇨🇭,CHE-134.949.233
emporium-fashion.ch,Emporium Mehic,Schweiz 🇨🇭,CHE-157.334.249
enchantelugano.ch,"Keine gültige Adresse, möglicher Verstoss gegen Art. 3 Abs. 1 lit. s UWG",Unbekannt 🏴‍☠️,
energieexplorers.ch,"Keine gültige Adresse, möglicher Verstoss gegen Art. 3 Abs. 1 lit. s UWG",Unbekannt 🏴‍☠️,
enjoyl.ch,swisspalace.ch ag,Schweiz 🇨🇭,CHE-108.457.728
enoque.ch,FERNANTU LIMITED,Grossbritannien 🇬🇧,15795108
entuno.ch,Goodiesforyou Limited,China 🇨🇳,
enzocavalli.com,Enzo Cavalli,USA 🇺🇸,
ergotrek.ch,Toma Media & Marketing,Schweiz 🇨🇭,CHE-251.798.059
erinda-swiss.com,Lonio,Niederlande 🇳🇱,77169115
erisen.ch,"Keine gültige Adresse, möglicher Verstoss gegen Art. 3 Abs. 1 lit. s UWG",Unbekannt 🏴‍☠️,
escherzuerich.ch,"Keine gültige Adresse, möglicher Verstoss gegen Art. 3 Abs. 1 lit. s UWG",Unbekannt 🏴‍☠️,
eternellemode.ch,"Keine gültige Adresse, möglicher Verstoss gegen Art. 3 Abs. 1 lit. s UWG",Unbekannt 🏴‍☠️,
eu.craftdlondon.com,"Keine gültige Adresse, möglicher Verstoss gegen Art. 3 Abs. 1 lit. s UWG",Unbekannt 🏴‍☠️,
eudorashops.com,Shenzhen Xuan Jie Mao Yi Co. LTD,China 🇨🇳,
euva.ch,"Keine gültige Adresse, möglicher Verstoss gegen Art. 3 Abs. 1 lit. s UWG",Unbekannt 🏴‍☠️,
evaly.de,Swiss E Group GmbH,Schweiz 🇨🇭,CHE-196.221.324
ever-shape.nl,MNM Marketing GmbH,Österreich 🇦🇹,607534h
everisfashion.com,"Keine gültige Adresse, möglicher Verstoss gegen Art. 3 Abs. 1 lit. s UWG",Unbekannt 🏴‍☠️,
evershave.ch,Sandro Zichi,Schweiz 🇨🇭,Privatperson
everstore.ch,Gökhan Aytürk,Schweiz 🇨🇭,Privatperson
evo-shoes.com,BRANDSPACE 101 LTD,Zypern 🇨🇾,ΗΕ 455976
evoexpress.ch,Evo Industries GmbH,Schweiz 🇨🇭,CHE-147.736.149
evoria.ch,PYROS MEDIA Sàrl,Schweiz 🇨🇭,CHE-474.841.514
exclusivgadgets.ch,Mike Stucki,Schweiz 🇨🇭,Privatperson
expedacteur.fr,NEW ENDLESS TECHNOLOGY LTD.,Grossbritannien 🇬🇧,11296720
express-online.ch,Bescht-Trading G. Grasser,Schweiz 🇨🇭,CHE-148.796.941
exquisites-swiss.com,"Keine gültige Adresse, möglicher Verstoss gegen Art. 3 Abs. 1 lit. s UWG",Unbekannt 🏴‍☠️,
fabelin.de,"Keine gültige Adresse, möglicher Verstoss gegen Art. 3 Abs. 1 lit. s UWG",Unbekannt 🏴‍☠️,
fableflutter.store,"Keine gültige Adresse, möglicher Verstoss gegen Art. 3 Abs. 1 lit. s UWG",Unbekannt 🏴‍☠️,
falken-stein.de,RL ECOM VENTURE LTD,Grossbritannien 🇬🇧,15312546
falken-stein.de,RL ECOM VENTURE LTDKinburn Street 32SE16 6DW London,Grossbritannien 🇬🇧,15312546
famechi.ch,"Keine gültige Adresse, möglicher Verstoss gegen Art. 3 Abs. 1 lit. s UWG",Unbekannt 🏴‍☠️,
fancy-stuff.ch,Fabio Bär (E-Commerce)Rütistrasse 68952 Schliern,Schweiz 🇨🇭,CHE-247.315.742
fashion-moda.ch,"Keine gültige Adresse, möglicher Verstoss gegen Art. 3 Abs. 1 lit. s UWG",Unbekannt 🏴‍☠️,
fashion-peak.com,Fashion Peak,Hong Kong 🇭🇰,3312424
fashion-schweiz.com,Goodiesforyou Limited,China 🇨🇳,
fashionhaus-klund.de,Levero Commerce,Niederlande 🇳🇱,74283553
fastem.ch,Fastem,Schweiz 🇨🇭,
felber-mode.ch,Shoppingroom Etemi,Schweiz 🇨🇭,CHE-143.958.768
feldluft.de,Adplace Limited,China 🇨🇳,3199426
feldmann-munchen.com,"Keine gültige Adresse, möglicher Verstoss gegen Art. 3 Abs. 1 lit. s UWG",Unbekannt 🏴‍☠️,
feluu.com,Felu Romanelli,Schweiz 🇨🇭,CHE-216.374.973
festberg.com,Hong Kong Dong Hai Chuang Tech Limited,Hong Kong 🇭🇰,76201913
fevala.com,"Keine gültige Adresse, möglicher Verstoss gegen Art. 3 Abs. 1 lit. s UWG",Unbekannt 🏴‍☠️,
finalea.ch,gisler onlineshop,Schweiz 🇨🇭,CHE-434.322.403
finbo.ch,E-commerce Weingartner,Schweiz 🇨🇭,
finetablewareshop,"Keine gültige Adresse, möglicher Verstoss gegen Art. 3 Abs. 1 lit. s UWG",Unbekannt 🏴‍☠️,
finisio.ch,"Keine gültige Adresse, möglicher Verstoss gegen Art. 3 Abs. 1 lit. s UWG",Unbekannt 🏴‍☠️,
fiolaberlin.ch,E-COM BUY-UP COMPANY LIMITED,Grossbritannien 🇬🇧,13705169
fiolazurich.ch,E-COM BUY-UP COMPANY LIMITED,Grossbritannien 🇬🇧,13705169
fiona-zurich.ch,"Keine gültige Adresse, möglicher Verstoss gegen Art. 3 Abs. 1 lit. s UWG",Unbekannt 🏴‍☠️,
fiorabasel.ch,A.L.B.E. CommV,Belgien 🇧🇪,BE0690910511
firstyou.ch,"Keine gültige Adresse, möglicher Verstoss gegen Art. 3 Abs. 1 lit. s UWG",Unbekannt 🏴‍☠️,
fischer-boutique.ch,Kazer Online B.V.,Niederlande 🇳🇱,92979459
fischer-zurich.ch,MIXS Ecom,Niederlande 🇳🇱,81807759
fischer-zurich.com,Fischer Zurich,Niederlande 🇳🇱,
fischer-zurich.com,MIXS ECOM,Niederlande 🇳🇱,
fischer-zurich.shop,MIXS ECOM,Niederlande 🇳🇱,95984178
fitast.ch,"Keine gültige Adresse, möglicher Verstoss gegen Art. 3 Abs. 1 lit. s UWG",Unbekannt 🏴‍☠️,
fitshape.ch,"Keine gültige Adresse, möglicher Verstoss gegen Art. 3 Abs. 1 lit. s UWG",Unbekannt 🏴‍☠️,
fitspine.ch,"Keine gültige Adresse, möglicher Verstoss gegen Art. 3 Abs. 1 lit. s UWG",Unbekannt 🏴‍☠️,
flair-hamburg.de,Purity GmbH & Co. KG          Nürnberg,Deutschland 🇩🇪,
flair-mode.com,Plets Media,Belgien 🇧🇪,BE1011869851
flairity.ch,"Keine gültige Adresse, möglicher Verstoss gegen Art. 3 Abs. 1 lit. s UWG",Unbekannt 🏴‍☠️,
flariix.ch,"Keine gültige Adresse, möglicher Verstoss gegen Art. 3 Abs. 1 lit. s UWG",Unbekannt 🏴‍☠️,
flawlesss.ch,"Keine gültige Adresse, möglicher Verstoss gegen Art. 3 Abs. 1 lit. s UWG",Unbekannt 🏴‍☠️,
flaza.ch,Bernasconi-Vicari GLOBAL LABS,Schweiz 🇨🇭,CHE-434.494.435
fleecie.ch,"Keine gültige Adresse, möglicher Verstoss gegen Art. 3 Abs. 1 lit. s UWG",Unbekannt 🏴‍☠️,
flexia.ch,"Keine gültige Adresse, möglicher Verstoss gegen Art. 3 Abs. 1 lit. s UWG",Unbekannt 🏴‍☠️,
flexup.ch,Robert Kukeli,Schweiz 🇨🇭,Privatperson
flexysculpt.ch,"Keine gültige Adresse, möglicher Verstoss gegen Art. 3 Abs. 1 lit. s UWG",Unbekannt 🏴‍☠️,
fline-amsterdam.nl,Goodiesforyou Limited,China 🇨🇳,
fluffy-feet.ch,Moontrade GmbH,Schweiz 🇨🇭,CHE-230.043.311
fomazi.ch,"Keine gültige Adresse, möglicher Verstoss gegen Art. 3 Abs. 1 lit. s UWG",Unbekannt 🏴‍☠️,
foraa.ch,"Keine gültige Adresse, möglicher Verstoss gegen Art. 3 Abs. 1 lit. s UWG",Unbekannt 🏴‍☠️,
foxypets.ch,Nina Mattle,Schweiz 🇨🇭,Privatperson
fraule.ch,"Keine gültige Adresse, möglicher Verstoss gegen Art. 3 Abs. 1 lit. s UWG",Unbekannt 🏴‍☠️,
frederiksen-fashion.com,A.L. Hoogendoorn Timmerwerk,Niederlande 🇳🇱,65028740
freekee.ch,"Keine gültige Adresse, möglicher Verstoss gegen Art. 3 Abs. 1 lit. s UWG",Unbekannt 🏴‍☠️,
frest.shop,Capture and CreateReitdiepstraat 7H1079 LZ Amsterdam,Niederlande 🇳🇱,72097981
freymode.ch,MDCOMFonteinstraat 25Oostkamp 8020,Belgien 🇧🇪,BE1006.125.075
friedrichmode.de,E-COM BUY-UP COMPANY LIMITED,Grossbritannien 🇬🇧,13705169
fruugoschweiz.com,Domini Allonby,Grossbritannien 🇬🇧,GB 929353206
fudus.de,GT Ecom B.V.,Niederlande 🇳🇱,82232393
fudus.de,JTKT Solutions Limited,China 🇨🇳,67169839
fulanda.com,"Keine gültige Adresse, möglicher Verstoss gegen Art. 3 Abs. 1 lit. s UWG",Unbekannt 🏴‍☠️,
fullmoonsummer.com,"Keine gültige Adresse, möglicher Verstoss gegen Art. 3 Abs. 1 lit. s UWG",Unbekannt 🏴‍☠️,
funfeet.ch,Dikbas E-Commerce,Schweiz 🇨🇭,CHE-233.222.844
furlove.ch,S.StaubOberebersol 76276 Hohenrain,Schweiz 🇨🇭,
fusevio.ch,"Keine gültige Adresse, möglicher Verstoss gegen Art. 3 Abs. 1 lit. s UWG",Unbekannt 🏴‍☠️,
fusion-recovery.com,Levero Commerce,Niederlande 🇳🇱,74283553
gadgetdeal.ch,Swiss E Group GmbH,Schweiz 🇨🇭,CHE-196.221.324
gadgeter.ch,Ecompire GmbH,Schweiz 🇨🇭,CHE-358.919.235
gadwing.ch,"Keine gültige Adresse, möglicher Verstoss gegen Art. 3 Abs. 1 lit. s UWG",Unbekannt 🏴‍☠️,
gallerix.ch,Gallerix AB,Schweden 🇸🇪,556775-9393
garduru.de,JX INTERNATIONAL LDT,Grossbritannien 🇬🇧,14722213
gartenhans.ch,Deingartenpeter,Hong Kong 🇭🇰,
gatellea.ch,"Keine gültige Adresse, möglicher Verstoss gegen Art. 3 Abs. 1 lit. s UWG",Unbekannt 🏴‍☠️,
gaudard-zurich.ch,Ingrao,Schweiz 🇨🇭,CHE-254.399.483
gazellea.ch,"Keine gültige Adresse, möglicher Verstoss gegen Art. 3 Abs. 1 lit. s UWG",Unbekannt 🏴‍☠️,
gem-hanbss.com,"LANDBASE TRADING CO., LIMITED",Grossbritannien 🇬🇧,13277590
generalissimo.ch,"Keine gültige Adresse, möglicher Verstoss gegen Art. 3 Abs. 1 lit. s UWG",Unbekannt 🏴‍☠️,
genez.ch,"Keine gültige Adresse, möglicher Verstoss gegen Art. 3 Abs. 1 lit. s UWG",Unbekannt 🏴‍☠️,
genfboutique.com,"Keine gültige Adresse, möglicher Verstoss gegen Art. 3 Abs. 1 lit. s UWG",Unbekannt 🏴‍☠️,
genial4you.ch,"Keine gültige Adresse, möglicher Verstoss gegen Art. 3 Abs. 1 lit. s UWG",Unbekannt 🏴‍☠️,
genial4you.ch,"Keine gültige Adresse, möglicher Verstoss gegen Art. 3 Abs. 1 lit. s UWG",Unbekannt 🏴‍☠️,
genrall.com,ReachPlus KLG,Schweiz 🇨🇭,CHE-278.965.048
gentshouse.de,"Keine gültige Adresse, möglicher Verstoss gegen Art. 3 Abs. 1 lit. s UWG",Unbekannt 🏴‍☠️,
gesund-aktuell.at,MNM Marketing GmbH,Österreich 🇦🇹,607534h
getcozysteps.com,Hohl Trading ?,Schweiz 🇨🇭,CHE-136.291.663
getkaufen.com,"Keine gültige Adresse, möglicher Verstoss gegen Art. 3 Abs. 1 lit. s UWG",Unbekannt 🏴‍☠️,
giftbuddy.ch,PaCél E-Commerce KlG,Schweiz 🇨🇭,CHE-269.645.946
giftie.ch,Nadine Deola,Schweiz 🇨🇭,Privatperson
gifture.ch,"Keine gültige Adresse, möglicher Verstoss gegen Art. 3 Abs. 1 lit. s UWG",Unbekannt 🏴‍☠️,
gigi-geneva.ch,"Keine gültige Adresse, möglicher Verstoss gegen Art. 3 Abs. 1 lit. s UWG",Unbekannt 🏴‍☠️,
giofra.ch,"Keine gültige Adresse, möglicher Verstoss gegen Art. 3 Abs. 1 lit. s UWG",Unbekannt 🏴‍☠️,
giverly.ch,"Keine gültige Adresse, möglicher Verstoss gegen Art. 3 Abs. 1 lit. s UWG",Unbekannt 🏴‍☠️,
glam-bay.de,Productplaza shop,Niederlande 🇳🇱,90020219
glamfashion.ch,SOFIADRESS MARZETTA,Schweiz 🇨🇭,CHE-134.949.233
glamore.ch,"Keine gültige Adresse, möglicher Verstoss gegen Art. 3 Abs. 1 lit. s UWG",Unbekannt 🏴‍☠️,
glamoura.ch,"Keine gültige Adresse, möglicher Verstoss gegen Art. 3 Abs. 1 lit. s UWG",Unbekannt 🏴‍☠️,
glamstore.ch,SOFIADRESS MARZETTA,Schweiz 🇨🇭,CHE-134.949.233
glamway.nl,"Keine gültige Adresse, möglicher Verstoss gegen Art. 3 Abs. 1 lit. s UWG",Unbekannt 🏴‍☠️,
glanzberg-mode.de,GlobalCommerce Enterprises B.V.Geograaf 166921 EW Duiven,Niederlande 🇳🇱,
glanzberg-mode.de,GlobalCommerce Enterprises B.V.Geograaf 166921 EW Duiven,Niederlande 🇳🇱,93043260
glanzmeister.ch,Alphaprime GmbH,Schweiz 🇨🇭,CHE-411.156.039
glitterqueen.ch,M. Honegger,Schweiz 🇨🇭,Privatperson
globalbuyer.ch,"Keine gültige Adresse, möglicher Verstoss gegen Art. 3 Abs. 1 lit. s UWG",Unbekannt 🏴‍☠️,
glomely.com,Nermin Yalin,Schweiz 🇨🇭,Privatperson
glorierswitzerland.com,"Keine gültige Adresse, möglicher Verstoss gegen Art. 3 Abs. 1 lit. s UWG",Unbekannt 🏴‍☠️,
glowholic.ch,myjomee KLG,Schweiz 🇨🇭,CHE-175.634.896
glownow.ch,Fankhauser E-Commerce,Schweiz 🇨🇭,
glowyhome.ch,"Keine gültige Adresse, möglicher Verstoss gegen Art. 3 Abs. 1 lit. s UWG",Unbekannt 🏴‍☠️,
glowyshop.ch,NSC Marketing Sàrl,Schweiz 🇨🇭,CHE-388.734.309
glpformula.com,"Keine gültige Adresse, möglicher Verstoss gegen Art. 3 Abs. 1 lit. s UWG",Unbekannt 🏴‍☠️,
go-breath.com,MNPM Enterprise LLC,USA 🇺🇸,2024-001396311
gobites.ch,30 N Gould St Ste R SheridanWY 82801,USA 🇺🇸,
gomenin.com,"Keine gültige Adresse, möglicher Verstoss gegen Art. 3 Abs. 1 lit. s UWG",Unbekannt 🏴‍☠️,
gomode.ch,"Keine gültige Adresse, möglicher Verstoss gegen Art. 3 Abs. 1 lit. s UWG",Unbekannt 🏴‍☠️,
goodibuy.ch,Goodideeas - Online-Shop Florea,Schweiz 🇨🇭,CHE-429.945.018
gosnap.ch,"Keine gültige Adresse, möglicher Verstoss gegen Art. 3 Abs. 1 lit. s UWG",Unbekannt 🏴‍☠️,
grace-bags.com,"Keine gültige Adresse, möglicher Verstoss gegen Art. 3 Abs. 1 lit. s UWG",Unbekannt 🏴‍☠️,
graf-zuerich.ch,Janis Kappeler,Schweiz 🇨🇭,Privatperson
green-aroma.ch,Green Aroma,Schweiz 🇨🇭,
gschenkt.ch,"Keine gültige Adresse, möglicher Verstoss gegen Art. 3 Abs. 1 lit. s UWG",Unbekannt 🏴‍☠️,
gsm55.ch,"Keine gültige Adresse, möglicher Verstoss gegen Art. 3 Abs. 1 lit. s UWG",Unbekannt 🏴‍☠️,
gut-daheim.ch,Schlehenweg 375395 Ostelsheim,Deutschland 🇩🇪,
guxdu.ch,"Keine gültige Adresse, möglicher Verstoss gegen Art. 3 Abs. 1 lit. s UWG",Unbekannt 🏴‍☠️,
gym4.ch,Huoscar Ryf,Schweiz 🇨🇭,Privatperson
gymfinity.ch,"Keine gültige Adresse, möglicher Verstoss gegen Art. 3 Abs. 1 lit. s UWG",Unbekannt 🏴‍☠️,
haarlemavenue.nl,E-COM BUY-UP COMPANY LIMITED,Grossbritannien 🇬🇧,13705169
hallobh.de,"Keine gültige Adresse, möglicher Verstoss gegen Art. 3 Abs. 1 lit. s UWG",Unbekannt 🏴‍☠️,
haltungshelfer.de,Shenzhen Xinghui Tongda Supply Chain Management Co. LTD,China 🇨🇳,
haluxy.com,"Keine gültige Adresse, möglicher Verstoss gegen Art. 3 Abs. 1 lit. s UWG",Unbekannt 🏴‍☠️,
handykino.ch,Hypestore KLG,Schweiz 🇨🇭,CHE-331.915.813
handymama.ch,Swiss E Group GmbH,Schweiz 🇨🇭,CHE-196.221.324
hansen-mode.com,DW E-Commerce,Niederlande 🇳🇱,88174735
hansen-mode.com,DW-E-CommerceKleine Hoorn 189363 EW Marum,Niederlande 🇳🇱,88174735
happybabys.ch,Nicolas Schneider,Schweiz 🇨🇭,Einzelunternehmen
happyflops.ch,SOE Business AB,Schweden 🇸🇪,559419-6304
happyflops.de,SOE Business AB,Schweden 🇸🇪,559419-6304
harielle.ch,DCS Swiss GmbH,Schweiz 🇨🇭,CHE-462.838.155
harper-brown.co.uk,Goodiesforyou Limited,China 🇨🇳,
harper-brownuk.com,Goodiesforyou Limited,China 🇨🇳,
hartmannmode.de,"Keine gültige Adresse, möglicher Verstoss gegen Art. 3 Abs. 1 lit. s UWG",Unbekannt 🏴‍☠️,
hase-eule.com,"Keine gültige Adresse, möglicher Verstoss gegen Art. 3 Abs. 1 lit. s UWG",Unbekannt 🏴‍☠️,
haushero.ch,"Keine gültige Adresse, möglicher Verstoss gegen Art. 3 Abs. 1 lit. s UWG",Unbekannt 🏴‍☠️,
hausmode-clo.de,Rijker Products,Niederlande 🇳🇱,89004779
heikkinenhelsinki.com,Smart Marketing Center,Niederlande 🇳🇱,75578212
heimeiche.de,"Keine gültige Adresse, möglicher Verstoss gegen Art. 3 Abs. 1 lit. s UWG",Unbekannt 🏴‍☠️,
heinrichmode.de,E-COM BUY-UP COMPANY LIMITED,Grossbritannien 🇬🇧,13705169
hejbuddy.ch,"Keine gültige Adresse, möglicher Verstoss gegen Art. 3 Abs. 1 lit. s UWG",Unbekannt 🏴‍☠️,
hello-mausi.de,"Keine gültige Adresse, möglicher Verstoss gegen Art. 3 Abs. 1 lit. s UWG",Unbekannt 🏴‍☠️,
hello-noveo.ch,"Keine gültige Adresse, möglicher Verstoss gegen Art. 3 Abs. 1 lit. s UWG",Unbekannt 🏴‍☠️,
hellobeaume.com,"Keine gültige Adresse, möglicher Verstoss gegen Art. 3 Abs. 1 lit. s UWG",Unbekannt 🏴‍☠️,
hellonoveo.ch,"Keine gültige Adresse, möglicher Verstoss gegen Art. 3 Abs. 1 lit. s UWG",Unbekannt 🏴‍☠️,
helvetashop.ch,Expertfid & Audit AGOdyssey Scaling GmbHSinserstrasse 656330 Cham,Schweiz 🇨🇭,CHE-461.344.689
helvetia-mode.com,Fastlane e-com,Niederlande 🇳🇱,71707492
helvetia-mode.com,Mama Holistica,Niederlande 🇳🇱,
helvetisch-stil.com,"Keine gültige Adresse, möglicher Verstoss gegen Art. 3 Abs. 1 lit. s UWG",Unbekannt 🏴‍☠️,
helvezen.com,"Keine gültige Adresse, möglicher Verstoss gegen Art. 3 Abs. 1 lit. s UWG",Unbekannt 🏴‍☠️,
helvika.ch,"Keine gültige Adresse, möglicher Verstoss gegen Art. 3 Abs. 1 lit. s UWG",Unbekannt 🏴‍☠️,
helvika.ch,"Keine gültige Adresse, möglicher Verstoss gegen Art. 3 Abs. 1 lit. s UWG",Unbekannt 🏴‍☠️,
herbergerversand.ch,Smurnoy AP,Schweiz 🇨🇭,CHE-420.135.958
herrlampe.com,Witteveen Commerce LLP,Grossbritannien 🇬🇧,OC446864
herrlampe.com,"Witteveen Commerce LLP32 Kinburn St, London, London, SE16 6DW, United Kingdom",Grossbritannien 🇬🇧,OC446864
herrmann-modehaus.de,"Keine gültige Adresse, möglicher Verstoss gegen Art. 3 Abs. 1 lit. s UWG",Unbekannt 🏴‍☠️,
herrmannmode.de,"Keine gültige Adresse, möglicher Verstoss gegen Art. 3 Abs. 1 lit. s UWG",Unbekannt 🏴‍☠️,
herveybay-boutique.com,"Keine gültige Adresse, möglicher Verstoss gegen Art. 3 Abs. 1 lit. s UWG",Unbekannt 🏴‍☠️,
herz-moment.ch,"Keine gültige Adresse, möglicher Verstoss gegen Art. 3 Abs. 1 lit. s UWG",Unbekannt 🏴‍☠️,
herzhaftes.ch,"Keine gültige Adresse, möglicher Verstoss gegen Art. 3 Abs. 1 lit. s UWG",Unbekannt 🏴‍☠️,
heute-einkaufen.ch,"Keine gültige Adresse, möglicher Verstoss gegen Art. 3 Abs. 1 lit. s UWG",Unbekannt 🏴‍☠️,
hinos.ch,"Keine gültige Adresse, möglicher Verstoss gegen Art. 3 Abs. 1 lit. s UWG",Unbekannt 🏴‍☠️,
hobibear.de,"Keine gültige Adresse, möglicher Verstoss gegen Art. 3 Abs. 1 lit. s UWG",Unbekannt 🏴‍☠️,
hobstore.ch,Nsomoto Obam Herman,Schweiz 🇨🇭,Privatperson
hofer-zuerich.ch,"Keine gültige Adresse, möglicher Verstoss gegen Art. 3 Abs. 1 lit. s UWG",Unbekannt 🏴‍☠️,
hoffmanandhearth.com,Rijker Products,Niederlande 🇳🇱,89004779
home-kit.ch,"Keine gültige Adresse, möglicher Verstoss gegen Art. 3 Abs. 1 lit. s UWG",Unbekannt 🏴‍☠️,
home-some.ch,Albrim Tafolli,Schweiz 🇨🇭,Privatperson
home-xpert.ch,"Keine gültige Adresse, möglicher Verstoss gegen Art. 3 Abs. 1 lit. s UWG",Unbekannt 🏴‍☠️,
homeaura.ch,"Keine gültige Adresse, möglicher Verstoss gegen Art. 3 Abs. 1 lit. s UWG",Unbekannt 🏴‍☠️,
homebuddy.ch,Thalmann Ecommerce,Schweiz 🇨🇭,CHE-221.023.901
homeleben.ch,"Keine gültige Adresse, möglicher Verstoss gegen Art. 3 Abs. 1 lit. s UWG",Unbekannt 🏴‍☠️,
homelia.ch,Stadelmann Commerce,Schweiz 🇨🇭,CHE-335.359.319
homeloft.ch,Anibarro Services,Schweiz 🇨🇭,CH-550.1.196.733-2
homelux.ch,"Keine gültige Adresse, möglicher Verstoss gegen Art. 3 Abs. 1 lit. s UWG",Unbekannt 🏴‍☠️,
homemint.ch,Hertli E-Commerce,Schweiz 🇨🇭,CHE-220.757.834
homevibes.ch,Pietro Masullo & Velin Huber,Schweiz 🇨🇭,Privatpersonen
homizon.ch,Patrick Brodmann,Schweiz 🇨🇭,Privatperson
honeyboss.ch,"Keine gültige Adresse, möglicher Verstoss gegen Art. 3 Abs. 1 lit. s UWG",Unbekannt 🏴‍☠️,
hooded.ch,MELILEO Concept,Schweiz 🇨🇭,CHE-136.986.802
hoodi.ch,hoodi gmbh,Schweiz 🇨🇭,CHE-373.770.377
housesafe.ch,"Keine gültige Adresse, möglicher Verstoss gegen Art. 3 Abs. 1 lit. s UWG",Unbekannt 🏴‍☠️,
huber-boutique.ch,E. van Drielststraat 577815 LV Emmen,Niederlande 🇳🇱,NL005294075B89
huberluzern.ch,"Keine gültige Adresse, möglicher Verstoss gegen Art. 3 Abs. 1 lit. s UWG",Unbekannt 🏴‍☠️,
hydrax.ch,Oxidian GmbH,Schweiz 🇨🇭,CHE-381.031.684
hydroalp.ch,"Keine gültige Adresse, möglicher Verstoss gegen Art. 3 Abs. 1 lit. s UWG",Unbekannt 🏴‍☠️,
hydroalp.de,Hydroalp,Schweiz 🇨🇭,
hydrux.ch,E-Drop GmbH,Schweiz 🇨🇭,CH-320.4.098.695-1
hygeem.com,Getoar Tasholli,Schweiz 🇨🇭,Privatperson
hypestore.ch,Hypestore KLG,Schweiz 🇨🇭,CHE-331.915.813
icarus-berlin.de,Fernantu Limited,China 🇨🇳,
icarus-zurich.ch,Fernantu Limited,China 🇨🇳,
ice-switzerland.com,ICE Switzerland Schöchlin,Schweiz 🇨🇭,CHE-382.064.166
iconicstreetwear.com,E-COM BUY-UP COMPANY LIMITED,Grossbritannien 🇬🇧,13705169
iconlauren.com,CKAY Ecom AB,Schweden 🇸🇪,559463-8784
idylly.ch,"Keine gültige Adresse, möglicher Verstoss gegen Art. 3 Abs. 1 lit. s UWG",Unbekannt 🏴‍☠️,
ilumix.ch,EVOC SWISS GmbH,Schweiz 🇨🇭,CHE-221.913.054
impassion.ch,"Keine gültige Adresse, möglicher Verstoss gegen Art. 3 Abs. 1 lit. s UWG",Unbekannt 🏴‍☠️,
impassion.ch,Heba BuaMooshaldeweg 145413 Birmenstorf,Schweiz 🇨🇭,
inboxs.ch,"Keine gültige Adresse, möglicher Verstoss gegen Art. 3 Abs. 1 lit. s UWG",Unbekannt 🏴‍☠️,
influenify.ch,PAMTU GROUP GmbH,Schweiz 🇨🇭,CHE-477.412.629
ingrid-taschen.de,"Keine gültige Adresse, möglicher Verstoss gegen Art. 3 Abs. 1 lit. s UWG",Unbekannt 🏴‍☠️,
interiorhomeliving.ch,Tomasi E-Commerce,Schweiz 🇨🇭,CHE-308.344.858
interioswiss.ch,Erkmen Online Business,Schweiz 🇨🇭,CHE-244.183.651
intika.ch,"Keine gültige Adresse, möglicher Verstoss gegen Art. 3 Abs. 1 lit. s UWG",Unbekannt 🏴‍☠️,
io-ny.eu,"Keine gültige Adresse, möglicher Verstoss gegen Art. 3 Abs. 1 lit. s UWG",Unbekannt 🏴‍☠️,
irishandfit.com,Shoppingroom Etemi,Schweiz 🇨🇭,CHE-143.958.768
isabella-brown.co.uk,Goodiesforyou Limited,China 🇨🇳,
isabella-brownuk.com,Goodiesforyou Limited,China 🇨🇳,
ixoria.ch,"Keine gültige Adresse, möglicher Verstoss gegen Art. 3 Abs. 1 lit. s UWG",Unbekannt 🏴‍☠️,
jamil-lifestyle.ch,jamil - lifestyle & fashion by sonja siam,Schweiz 🇨🇭,CHE-203.993.807
jampri.ch,E-Commerce Ahadzie,Schweiz 🇨🇭,CHE-145.673.549
janssonmode.se,Smart Marketing Center,Niederlande 🇳🇱,75578212
jensenmode.nl,E-COM BUY-UP COMPANY LIMITED,Grossbritannien 🇬🇧,13705169
jeweltique.ch,Bekjiroski E-Commerce,Schweiz 🇨🇭,CHE-293.375.055
jintelli.ch,"Keine gültige Adresse, möglicher Verstoss gegen Art. 3 Abs. 1 lit. s UWG",Unbekannt 🏴‍☠️,
jolana.ch,"Keine gültige Adresse, möglicher Verstoss gegen Art. 3 Abs. 1 lit. s UWG",Unbekannt 🏴‍☠️,
jolievital.ch,Everytique,Belgien 🇧🇪,1001.850.147
jovida.ch,WNR E-commerce B.V.,Niederlande 🇳🇱,91541913
joymo.ch,Dilji Commerce,Schweiz 🇨🇭,CHE-294.347.179
julianlugano.ch,"Keine gültige Adresse, möglicher Verstoss gegen Art. 3 Abs. 1 lit. s UWG",Unbekannt 🏴‍☠️,
juniorzauber.ch,Everytique,Belgien 🇧🇪,1001.850.147
just-bern.com,American General Trade SRL,Rumänien 🇷🇴,49092589
just4dogs.ch,just4dogs.ch GmbH,Schweiz 🇨🇭,CH-020.4.046.872-6
juwelierkeller.ch,"Keine gültige Adresse, möglicher Verstoss gegen Art. 3 Abs. 1 lit. s UWG",Unbekannt 🏴‍☠️,
kadabar.com,"Keine gültige Adresse, möglicher Verstoss gegen Art. 3 Abs. 1 lit. s UWG",Unbekannt 🏴‍☠️,
kaleaa.ch,"Keine gültige Adresse, möglicher Verstoss gegen Art. 3 Abs. 1 lit. s UWG",Unbekannt 🏴‍☠️,
karmasocks.ch,Karma Handels GmbH,Schweiz 🇨🇭,CHE-446.387.102
kartasdeals.ch,"Keine gültige Adresse, möglicher Verstoss gegen Art. 3 Abs. 1 lit. s UWG",Unbekannt 🏴‍☠️,
kaufschlau.ch,"Keine gültige Adresse, möglicher Verstoss gegen Art. 3 Abs. 1 lit. s UWG",Unbekannt 🏴‍☠️,
kayloa.com,"Keine gültige Adresse, möglicher Verstoss gegen Art. 3 Abs. 1 lit. s UWG",Unbekannt 🏴‍☠️,
keller-bern.com,Van Uffelen Mode,Niederlande 🇳🇱,27224747
keller-boutique.ch,Kazer Online B.V.,Niederlande 🇳🇱,92979459
keller-boutique.com,"Keine gültige Adresse, möglicher Verstoss gegen Art. 3 Abs. 1 lit. s UWG",Unbekannt 🏴‍☠️,
keller-luzern.ch,"Keine gültige Adresse, möglicher Verstoss gegen Art. 3 Abs. 1 lit. s UWG",Unbekannt 🏴‍☠️,
keller-zurich.ch,Next E-Commerce,Niederlande 🇳🇱,72054840
kelmo.ch,Steinmann & Pham Solutions KLG,Schweiz 🇨🇭,CHE-258.366.608
kevinsheffield.com,E-COM BUY-UP COMPANY LIMITED,Grossbritannien 🇬🇧,13705169
khich.ch,"Keine gültige Adresse, möglicher Verstoss gegen Art. 3 Abs. 1 lit. s UWG",Unbekannt 🏴‍☠️,
kiddoskiste.de,Natia Inasaridze,Schweiz 🇨🇭,Privatperson
Kidzly,WEBOCADO LLC,Polen 🇵🇱,
kidzly.ch,"WEBOCADO LLC, Wolbromska 181BBreslau 53-148",Polen 🇵🇱,
kiira.ch,Masood Commerce,Schweiz 🇨🇭,CHE-444.864.841
kingstons.ch,"Keine gültige Adresse, möglicher Verstoss gegen Art. 3 Abs. 1 lit. s UWG",Unbekannt 🏴‍☠️,
kistenstein.ch,EDNSY Online Shop Doganay,Schweiz 🇨🇭,CHE-187.672.544
klarenmode.com,"Keine gültige Adresse, möglicher Verstoss gegen Art. 3 Abs. 1 lit. s UWG",Unbekannt 🏴‍☠️,
klein-mode.de,"Keine gültige Adresse, möglicher Verstoss gegen Art. 3 Abs. 1 lit. s UWG",Unbekannt 🏴‍☠️,
kleinselect.com,KleinSelect,Schweiz 🇨🇭,
koaala.ch,"Keine gültige Adresse, möglicher Verstoss gegen Art. 3 Abs. 1 lit. s UWG",Unbekannt 🏴‍☠️,
kobenhavn-modehus.com,Goodiesforyou Limited,China 🇨🇳,
kobenhavn-modehus.dk,Goodiesforyou Limited,China 🇨🇳,
koerperhilfe.de,"Keine gültige Adresse, möglicher Verstoss gegen Art. 3 Abs. 1 lit. s UWG",Unbekannt 🏴‍☠️,
kolibrin.de,"Keine gültige Adresse, möglicher Verstoss gegen Art. 3 Abs. 1 lit. s UWG",Unbekannt 🏴‍☠️,
kovali.de,Yang Hengsheng Logistics LTD.World Trust TowerStanley Street 50Central Hong Kong,Hong Kong 🇭🇰,
kovali.de,Yang Hengsheng Logistics LTD.World Trust TowerStanley Street 50Central Hong Kong,Hong Kong 🇭🇰,76932475
kruger-mode.de,"Keine gültige Adresse, möglicher Verstoss gegen Art. 3 Abs. 1 lit. s UWG",Unbekannt 🏴‍☠️,
kuiwo.ch,"Keine gültige Adresse, möglicher Verstoss gegen Art. 3 Abs. 1 lit. s UWG",Unbekannt 🏴‍☠️,
kumono.ch,Onlinehandel Nietlispach,Schweiz 🇨🇭,CHE-481.899.476
kynubeauty.de,KynuBeauty,Niederlande 🇳🇱,
kynubeauty.de,"Keine gültige Adresse, möglicher Verstoss gegen Art. 3 Abs. 1 lit. s UWG",Unbekannt 🏴‍☠️,
ladyshaver.ch,"Keine gültige Adresse, möglicher Verstoss gegen Art. 3 Abs. 1 lit. s UWG",Unbekannt 🏴‍☠️,
lahrner-luzern.ch,"Keine gültige Adresse, möglicher Verstoss gegen Art. 3 Abs. 1 lit. s UWG",Unbekannt 🏴‍☠️,
lamiso.ch,Quantum Dynamics GmbH,Schweiz 🇨🇭,CHE-319.129.666
lancas.ch,E-Commerce Parisato,Schweiz 🇨🇭,
larana-berlin.com,"Keine gültige Adresse, möglicher Verstoss gegen Art. 3 Abs. 1 lit. s UWG",Unbekannt 🏴‍☠️,
laude.ch,"Keine gültige Adresse, möglicher Verstoss gegen Art. 3 Abs. 1 lit. s UWG",Unbekannt 🏴‍☠️,
lavanella-shop.com,RS Trading Rizzello,Schweiz 🇨🇭,CHE-227.539.876
lavendolondon.com,"Keine gültige Adresse, möglicher Verstoss gegen Art. 3 Abs. 1 lit. s UWG",Unbekannt 🏴‍☠️,
lboutique.ch,SOFIADRESS MARZETTA,Schweiz 🇨🇭,CHE-134.949.233
leabasel.com,"Keine gültige Adresse, möglicher Verstoss gegen Art. 3 Abs. 1 lit. s UWG",Unbekannt 🏴‍☠️,
lebensglanz.ch,DIGITAL DYNAMO MARKETING AGENCY LIMITED,China 🇨🇳,
lebenslust-shop.at,Astrid Senger,Österreich 🇦🇹,Privatperson
lederhermann.com,"Mode Galerie LimitedUNIT 1005, 10/F, BOSS COMMERCIAL CENTRE28 FERRY STREETYAU MA TEI",Hong Kong 🇭🇰,75791642
lederhermann.com,"Mode Galerie LimitedUNIT 1005, 10/F, BOSS COMMERCIAL CENTRE28 FERRY STREETYAU MA TEI",Hong Kong 🇭🇰,75791642
lefrani.com,Lefrani,Schweiz 🇨🇭,CHE-240-962-805
legendig.ch,"Keine gültige Adresse, möglicher Verstoss gegen Art. 3 Abs. 1 lit. s UWG",Unbekannt 🏴‍☠️,
leggylux.ch,Heike Vierheilig,Schweiz 🇨🇭,Privatperson
leggylux.com,Heike Vierheilig,Schweiz 🇨🇭,Privatperson
lemodas.com,Goodiesforyou Limited,China 🇨🇳,
lena-boutique.de,"Keine gültige Adresse, möglicher Verstoss gegen Art. 3 Abs. 1 lit. s UWG",Unbekannt 🏴‍☠️,
lenaberger.com,"Keine gültige Adresse, möglicher Verstoss gegen Art. 3 Abs. 1 lit. s UWG",Unbekannt 🏴‍☠️,
lenasole.com,"Keine gültige Adresse, möglicher Verstoss gegen Art. 3 Abs. 1 lit. s UWG",Unbekannt 🏴‍☠️,
lennara.ch,Florian Mächler,Schweiz 🇨🇭,Privatperson
lenomi-berlin.de,Postizzi Fashion,Schweiz 🇨🇭,CHE-480.466.554
lenorezurich.com,"Keine gültige Adresse, möglicher Verstoss gegen Art. 3 Abs. 1 lit. s UWG",Unbekannt 🏴‍☠️,
leoberlin.de,SAMIDEX LIMITED,Hong Kong 🇭🇰,
leonie-mode.de,"Keine gültige Adresse, möglicher Verstoss gegen Art. 3 Abs. 1 lit. s UWG",Unbekannt 🏴‍☠️,
leorazurich.ch,Pinocchio Commerce Limited,Hong Kong 🇭🇰,77645617
leoza-boutique.com,"Keine gültige Adresse, möglicher Verstoss gegen Art. 3 Abs. 1 lit. s UWG",Unbekannt 🏴‍☠️,
levarozurich.com,"Keine gültige Adresse, möglicher Verstoss gegen Art. 3 Abs. 1 lit. s UWG",Unbekannt 🏴‍☠️,
levicishop.com,"Keine gültige Adresse, möglicher Verstoss gegen Art. 3 Abs. 1 lit. s UWG",Unbekannt 🏴‍☠️,
levuna.ch,life basics,Niederlande 🇳🇱,77171667
lifenox.com,Hohl Trading ?,Schweiz 🇨🇭,CHE-136.291.663
lifestyleproducts.ch,Simon JudGweerhofstrasse 98853 Lachen,Schweiz 🇨🇭,
lilulo.ch,"Keine gültige Adresse, möglicher Verstoss gegen Art. 3 Abs. 1 lit. s UWG",Unbekannt 🏴‍☠️,
lily-coco.ch,Isabelle Droz,Schweiz 🇨🇭,Privatperson
limmatshop.ch,Limmat Shop,USA 🇺🇸,2025-001612043
lindbergmode.de,Starc Ecom B.V.,Niederlande 🇳🇱,91371716
lindenhofboutique.com,Acessories & Designs Limited,Hong Kong 🇭🇰,3221084
linnea-lucerne.com,"Keine gültige Adresse, möglicher Verstoss gegen Art. 3 Abs. 1 lit. s UWG",Unbekannt 🏴‍☠️,
linovero.de,Ches Commerce B.V.,Niederlande 🇳🇱,NL865565855B01
littleasy.ch,"Keine gültige Adresse, möglicher Verstoss gegen Art. 3 Abs. 1 lit. s UWG",Unbekannt 🏴‍☠️,
littleginger.ch,"Keine gültige Adresse, möglicher Verstoss gegen Art. 3 Abs. 1 lit. s UWG",Unbekannt 🏴‍☠️,
littlespark.ch,JDW Online,Niederlande 🇳🇱,89256360
littlewonders.ch,LittleWonders,Schweiz 🇨🇭,CHE-382.769.350
littlewonders.ch,LittleWondersLaufenburgerstrasse 24058 Basel,Schweiz 🇨🇭,CHE-382.769.350
liva-kobenhavn.dk,"Keine gültige Adresse, möglicher Verstoss gegen Art. 3 Abs. 1 lit. s UWG",Unbekannt 🏴‍☠️,
liva-trends.de,Woofer Media B.V.,Niederlande 🇳🇱,90136470
liva-zurich.ch,Woofer Media B.V.,Niederlande 🇳🇱,90136470
livano.ch,Tenex Limited,China 🇨🇳,76733671
livarose.de,"Keine gültige Adresse, möglicher Verstoss gegen Art. 3 Abs. 1 lit. s UWG",Unbekannt 🏴‍☠️,
livee.ch,Bieri E-Commerce,Schweiz 🇨🇭,CHE-360.002.234
livemore.ch,Livemore - E-commerce Grütter,Schweiz 🇨🇭,CHE-199.104.732
livestor.ch,"Keine gültige Adresse, möglicher Verstoss gegen Art. 3 Abs. 1 lit. s UWG",Unbekannt 🏴‍☠️,
liviarose.de,"Keine gültige Adresse, möglicher Verstoss gegen Art. 3 Abs. 1 lit. s UWG",Unbekannt 🏴‍☠️,
livingood.ch,"Keine gültige Adresse, möglicher Verstoss gegen Art. 3 Abs. 1 lit. s UWG",Unbekannt 🏴‍☠️,
lobitos.ch,Lobitos.ch,Schweiz 🇨🇭,
lolas.ch,"Keine gültige Adresse, möglicher Verstoss gegen Art. 3 Abs. 1 lit. s UWG",Unbekannt 🏴‍☠️,
loleni.ch,Arlen Nrecaj,Schweiz 🇨🇭,Privatperson
lomix.ch,"Keine gültige Adresse, möglicher Verstoss gegen Art. 3 Abs. 1 lit. s UWG",Unbekannt 🏴‍☠️,
lookinn.ch,"Keine gültige Adresse, möglicher Verstoss gegen Art. 3 Abs. 1 lit. s UWG",Unbekannt 🏴‍☠️,
looro.ch,"Keine gültige Adresse, möglicher Verstoss gegen Art. 3 Abs. 1 lit. s UWG",Unbekannt 🏴‍☠️,
lopix.ch,Lorraine Di Donna,Schweiz 🇨🇭,Privatperson
lorafashion.de,Hiyera LTD,Grossbritannien 🇬🇧,
loramuenchen.de,"Pinocchio Commerce LimitedUnit 1005, 10F Boss Commercial Centre28 Ferry Street, Yau Ma Tei,Hong Kong",Hong Kong 🇭🇰,77645617
lorvez-paris.com,Rijker Products,Niederlande 🇳🇱,89004779
loulou-zurich.com,"Keine gültige Adresse, möglicher Verstoss gegen Art. 3 Abs. 1 lit. s UWG",Unbekannt 🏴‍☠️,
lovania-mode.ch,Benzatra,Niederlande 🇳🇱,
lovania-mode.ch,"Keine gültige Adresse, möglicher Verstoss gegen Art. 3 Abs. 1 lit. s UWG",Unbekannt 🏴‍☠️,
loveofhome.ch,"Keine gültige Adresse, möglicher Verstoss gegen Art. 3 Abs. 1 lit. s UWG",Unbekannt 🏴‍☠️,
lovina.ch,"Keine gültige Adresse, möglicher Verstoss gegen Art. 3 Abs. 1 lit. s UWG",Unbekannt 🏴‍☠️,
lozenda.de,Sarbini Commerce,Niederlande 🇳🇱,90927044
lozendo.com,Sarbini Commerce,Niederlande 🇳🇱,90927044
luce-bella.com,"Keine gültige Adresse, möglicher Verstoss gegen Art. 3 Abs. 1 lit. s UWG",Unbekannt 🏴‍☠️,
luckybag.ch,Gerber Marra E-Commerce & Performance,Schweiz 🇨🇭,CHE-184.893.391
luernafemme.com,"Keine gültige Adresse, möglicher Verstoss gegen Art. 3 Abs. 1 lit. s UWG",Unbekannt 🏴‍☠️,
luinea.ch,Dauti Commerce,Schweiz 🇨🇭,CHE-204.150.295
luking.ch,Abetare Tairi,Schweiz 🇨🇭,Privatperson
lulafashion.com,E-COM BUY-UP COMPANY LIMITED,Grossbritannien 🇬🇧,13705169
lumanocare.com,DIGITAL DYNAMO MARKETING AGENCY LIMITED,China 🇨🇳,
lumara.ch,David Schütz,Schweiz 🇨🇭,Privatperson
lumbocare.at,Swiss E Group GmbH,Schweiz 🇨🇭,CHE-196.221.324
lumbocare.ch,Swiss E Group GmbH,Schweiz 🇨🇭,CHE-196.221.324
lumenrosa.de,"Keine gültige Adresse, möglicher Verstoss gegen Art. 3 Abs. 1 lit. s UWG",Unbekannt 🏴‍☠️,
lumerix.ch,D. Manigley,Schweiz 🇨🇭,Privatperson
lumina-montreal.com,Ajdini E-commerce,Schweiz 🇨🇭,
luminabeauty.ch,BGF Investment GmbH in Liquidation,Schweiz 🇨🇭,CHE-369.533.118
luminas.ch,"Keine gültige Adresse, möglicher Verstoss gegen Art. 3 Abs. 1 lit. s UWG",Unbekannt 🏴‍☠️,
lumondo.ch,Idrizi E-Commerce,Schweiz 🇨🇭,CHE-321.514.631
luna-bern.com,WOLANTIS LTD,Grossbritannien 🇬🇧,16770852
lunamoda.ch,Emin-commerce,Niederlande 🇳🇱,85230529
lunarmode.de,"Keine gültige Adresse, möglicher Verstoss gegen Art. 3 Abs. 1 lit. s UWG",Unbekannt 🏴‍☠️,
lunasandals-schweiz.com,,,
lunero.ch,Buchs Digital,,CHE-238.717.739
lunoire.ch,"Keine gültige Adresse, möglicher Verstoss gegen Art. 3 Abs. 1 lit. s UWG",Unbekannt 🏴‍☠️,
lurosa.ch,Lurosa,Schweiz 🇨🇭,CHE-324.848.318
luster.ch,"Keine gültige Adresse, möglicher Verstoss gegen Art. 3 Abs. 1 lit. s UWG",Unbekannt 🏴‍☠️,
luvley.ch,"Keine gültige Adresse, möglicher Verstoss gegen Art. 3 Abs. 1 lit. s UWG",Unbekannt 🏴‍☠️,
luvley.ch,J&B Drop GmbH,Schweiz 🇨🇭,CHE-329.736.106
luvoo.ch,"Keine gültige Adresse, möglicher Verstoss gegen Art. 3 Abs. 1 lit. s UWG",Unbekannt 🏴‍☠️,
luvora.ch,Ecom Raho Romero,Schweiz 🇨🇭,Privatperson
luvora.ch,Ecom Raho RomeroHausmattweg 573019 Bern,Schweiz 🇨🇭,
luvu.ch,"Keine gültige Adresse, möglicher Verstoss gegen Art. 3 Abs. 1 lit. s UWG",Unbekannt 🏴‍☠️,
luvy.ch,E-Drop GmbH,Schweiz 🇨🇭,CH-320.4.098.695-1
luxe-geneva.com,"Keine gültige Adresse, möglicher Verstoss gegen Art. 3 Abs. 1 lit. s UWG",Unbekannt 🏴‍☠️,
luxinora.com,Luxi Horizon SNC,Schweiz 🇨🇭,CHE-339.578.990
luxora.ch,"Keine gültige Adresse, möglicher Verstoss gegen Art. 3 Abs. 1 lit. s UWG",Unbekannt 🏴‍☠️,
luxtoy.ch,"Keine gültige Adresse, möglicher Verstoss gegen Art. 3 Abs. 1 lit. s UWG",Unbekannt 🏴‍☠️,
luxurise-fashion.com,"Keine gültige Adresse, möglicher Verstoss gegen Art. 3 Abs. 1 lit. s UWG",Unbekannt 🏴‍☠️,
luzern-mode.ch,"Keine gültige Adresse, möglicher Verstoss gegen Art. 3 Abs. 1 lit. s UWG",Unbekannt 🏴‍☠️,
luzernvoss.ch,Mohamed ToufikUntere Schwandenstrasse 68805 Richterswil,Schweiz 🇨🇭,
lyora-geneve.ch,Pont E-Commerce GmbH,Schweiz 🇨🇭,CHE-453.468.786
lyora-geneve.ch,"Keine gültige Adresse, möglicher Verstoss gegen Art. 3 Abs. 1 lit. s UWG",Unbekannt 🏴‍☠️,
mabuv.ch,Rose Sisters Inh. Vurkun,Schweiz 🇨🇭,CHE-484.905.877
mademebuyit.ch,BISTA-Birrer GmbH,Schweiz 🇨🇭,CHE-139.199.835
madepants.de,"Madepants Technology Co., Limited",Hong Kong 🇭🇰,3211749
madio.ch,Compraline,Niederlande 🇳🇱,91894964
maefas-zurich.com,"Keine gültige Adresse, möglicher Verstoss gegen Art. 3 Abs. 1 lit. s UWG",Unbekannt 🏴‍☠️,
maisonberne.ch,Eduardo Giorgi,Schweiz 🇨🇭,Privatperson
maisonmilia.ch,Ecom Schwab,Schweiz 🇨🇭,CHE-370.832.757
maisonzurich.ch,AMS E-Commerce,Niederlande 🇳🇱,92768547
makerdeal.ch,"Keine gültige Adresse, möglicher Verstoss gegen Art. 3 Abs. 1 lit. s UWG",Unbekannt 🏴‍☠️,
makinghome.ch,"Keine gültige Adresse, möglicher Verstoss gegen Art. 3 Abs. 1 lit. s UWG",Unbekannt 🏴‍☠️,
male-nach-zahle.ch,Online Werft GmbH,Schweiz 🇨🇭,CHE-383.259.867
malifer.ch,"Keine gültige Adresse, möglicher Verstoss gegen Art. 3 Abs. 1 lit. s UWG",Unbekannt 🏴‍☠️,
mamazon.ch,"Keine gültige Adresse, möglicher Verstoss gegen Art. 3 Abs. 1 lit. s UWG",Unbekannt 🏴‍☠️,
manel-zurich.ch,Expresso Inb. Sooriyakumaran,Schweiz 🇨🇭,CHE-472.997.045
manel-zurich.ch,"Keine gültige Adresse, möglicher Verstoss gegen Art. 3 Abs. 1 lit. s UWG",Unbekannt 🏴‍☠️,
manufakturgruber.com,"Keine gültige Adresse, möglicher Verstoss gegen Art. 3 Abs. 1 lit. s UWG",Unbekannt 🏴‍☠️,
marenmaymodehaus.ch,"Keine gültige Adresse, möglicher Verstoss gegen Art. 3 Abs. 1 lit. s UWG",Unbekannt 🏴‍☠️,
maria-modehaus.com,"Keine gültige Adresse, möglicher Verstoss gegen Art. 3 Abs. 1 lit. s UWG",Unbekannt 🏴‍☠️,
mariagruenthal.com,Maria Gruenthal,USA 🇺🇸,Privatperson
mariashaus.ch,"Keine gültige Adresse, möglicher Verstoss gegen Art. 3 Abs. 1 lit. s UWG",Unbekannt 🏴‍☠️,
marshmallowbett.ch,Spirk Trading,Schweiz 🇨🇭,CHE-451.757.825
martin-couture.ch,Ilab isla limitedUnit B 3/FKai Wan HouseTung Choi Street 146Mongkok Kowloon,Hong Kong 🇭🇰,
martincouture.ch,Hanovic trading bv,Niederlande 🇳🇱,90629736
marvista.ch,Y.M. Affiliate,Niederlande 🇳🇱,77951131
masanno.com,Masanno Baby,Deutschland 🇩🇪,HRB 16852
maurys.ch,Untersander Online Ventures,Schweiz 🇨🇭,CHE-268.479.326
maxeluxe.ch,Ana Bozhkova,Schweiz 🇨🇭,Privatperson
maxisneaker.ch,"Keine gültige Adresse, möglicher Verstoss gegen Art. 3 Abs. 1 lit. s UWG",Unbekannt 🏴‍☠️,
maxoffer.de,"Keine gültige Adresse, möglicher Verstoss gegen Art. 3 Abs. 1 lit. s UWG",Unbekannt 🏴‍☠️,
maxvon.ch,"Keine gültige Adresse, möglicher Verstoss gegen Art. 3 Abs. 1 lit. s UWG",Unbekannt 🏴‍☠️,
maya-munchen.com,"Keine gültige Adresse, möglicher Verstoss gegen Art. 3 Abs. 1 lit. s UWG",Unbekannt 🏴‍☠️,
medizentrum-doosleep.de,K. HaarmannGerichtstrasse 4445355 Essen,Deutschland 🇩🇪,88174735
megalist.ch,"Keine gültige Adresse, möglicher Verstoss gegen Art. 3 Abs. 1 lit. s UWG",Unbekannt 🏴‍☠️,
meier-boutique.ch,"Keine gültige Adresse, möglicher Verstoss gegen Art. 3 Abs. 1 lit. s UWG",Unbekannt 🏴‍☠️,
meier-modehaus.com,"Keine gültige Adresse, möglicher Verstoss gegen Art. 3 Abs. 1 lit. s UWG",Unbekannt 🏴‍☠️,
meierschwyz.ch,Roth & Kaiser Limited,Hong Kong 🇭🇰,77798599
meinearbeitsschuhe.com,Sunset Commerce Limited,Hong Kong 🇭🇰,2941627
meinkostüm.ch,Basler Kommerz GmbH,Schweiz 🇨🇭,CHE-464.684.495
meinkostüm.ch,Basler Kommerz GmbHZelgliweg 142545 Selzach,Schweiz 🇨🇭,
meinmaison.de,KEUN B.V.,Niederlande 🇳🇱,94902291
meistertrim.ch,AceMedia Worzalla,Schweiz 🇨🇭,CHE-425.772.457
melaniemode.com,"Keine gültige Adresse, möglicher Verstoss gegen Art. 3 Abs. 1 lit. s UWG",Unbekannt 🏴‍☠️,
melivida.ch,Michael Bühler,Schweiz 🇨🇭,Privatperson
melliesmode.com,Rojoproducts,Niederlande 🇳🇱,91658632
melvet.ch,MELVET,Schweiz 🇨🇭,Privatperson
memashop.ch,MEMAObstgartenstrasse 18500 Frauenfeld,Schweiz 🇨🇭,
mendosa.ch,"Keine gültige Adresse, möglicher Verstoss gegen Art. 3 Abs. 1 lit. s UWG",Unbekannt 🏴‍☠️,
mendosa.shop,"Keine gültige Adresse, möglicher Verstoss gegen Art. 3 Abs. 1 lit. s UWG",Unbekannt 🏴‍☠️,
metanel.ch,"Keine gültige Adresse, möglicher Verstoss gegen Art. 3 Abs. 1 lit. s UWG",Unbekannt 🏴‍☠️,
meyer-genève.ch,"Keine gültige Adresse, möglicher Verstoss gegen Art. 3 Abs. 1 lit. s UWG",Unbekannt 🏴‍☠️,
meyer-geneve.com,JK Ecom B.V.,Niederlande 🇳🇱,91018242
meyer-zurich.com,"Keine gültige Adresse, möglicher Verstoss gegen Art. 3 Abs. 1 lit. s UWG",Unbekannt 🏴‍☠️,
meyerbasel.com,KvK Stores,Niederlande 🇳🇱,90387686
mia-modehaus.ch,"Keine gültige Adresse, möglicher Verstoss gegen Art. 3 Abs. 1 lit. s UWG",Unbekannt 🏴‍☠️,
miabody.at,"Keine gültige Adresse, möglicher Verstoss gegen Art. 3 Abs. 1 lit. s UWG",Unbekannt 🏴‍☠️,
miabody.ch,"Keine gültige Adresse, möglicher Verstoss gegen Art. 3 Abs. 1 lit. s UWG",Unbekannt 🏴‍☠️,
miabody.de,"Keine gültige Adresse, möglicher Verstoss gegen Art. 3 Abs. 1 lit. s UWG",Unbekannt 🏴‍☠️,
mila-home.ch,Upment B.V.,Niederlande 🇳🇱,89013492
mila-modehaus.ch,,,
milamoda.ch,HEROES SOLUTIONS LLP,Grossbritannien 🇬🇧,OC453246
milumia.ch,"Keine gültige Adresse, möglicher Verstoss gegen Art. 3 Abs. 1 lit. s UWG",Unbekannt 🏴‍☠️,
milyzo.ch,Milos Krstic,Schweiz 🇨🇭,Privatperson
mindbuds.ch,Nordhäuser Strasse 599089 Erfurt,Deutschland 🇩🇪,
mini-ro.ch,"Keine gültige Adresse, möglicher Verstoss gegen Art. 3 Abs. 1 lit. s UWG",Unbekannt 🏴‍☠️,
minikauf.ch,Steiner E-Commerce,Schweiz 🇨🇭,CHE-168.949.099
minita.ch,Pizzi E-Commerce / Rais E-Commerce,Schweiz 🇨🇭,CHE-219.894.660 / CHE-484.934.181
minozurich.ch,Coppetti E-Commerce,Schweiz 🇨🇭,Privatperson
miraclemop.ch,Ameling Commerce,Niederlande 🇳🇱,75733706
miraitrading.ch,Mirai Trading GmbH,Schweiz 🇨🇭,CHE-385.378.218
miravelle.ch,Ecom Raho Romero,Schweiz 🇨🇭,CHE-294.882.018
mireto.ch,Marbach E-Commerce,Schweiz 🇨🇭,CHE-371.635.113
miro-france.com,PYROS MEDIA Sàrl,Schweiz 🇨🇭,CHE-474.841.514
missglame.de,,,
mivako.com,DIGITAL BOOST LIMITED,China 🇨🇳,76665507
mivoza-australia.com,"Dongguan Yunling Electronic Technology Co., Ltd",China 🇨🇳,91441900MA4UTXQG6H
mivoza-nederland.nl,G. Dimmendaal Payment Collector B.V.,Niederlande 🇳🇱,88038173
mivoza.de,G. Dimmendaal Payment Collector B.V.,Niederlande 🇳🇱,88038173
moda-monica.de,Levero Commerce,Niederlande 🇳🇱,74283553
modaers.com,Goodiesforyou Limited,China 🇨🇳,
modalitas-it.com,Goodiesforyou Limited,China 🇨🇳,
modaralondon.com,"Keine gültige Adresse, möglicher Verstoss gegen Art. 3 Abs. 1 lit. s UWG",Unbekannt 🏴‍☠️,
mode-galerie.ch,"Keine gültige Adresse, möglicher Verstoss gegen Art. 3 Abs. 1 lit. s UWG",Unbekannt 🏴‍☠️,
mode-zuri.ch,"Keine gültige Adresse, möglicher Verstoss gegen Art. 3 Abs. 1 lit. s UWG",Unbekannt 🏴‍☠️,
mode-zurich.com,"Keine gültige Adresse, möglicher Verstoss gegen Art. 3 Abs. 1 lit. s UWG",Unbekannt 🏴‍☠️,
modea.ch,GDE COMMERCE,Frankreich 🇫🇷,95252794300015
modeberg-bern.ch,Bepo Trading UK Ltd,Grossbritannien 🇬🇧,16598244
modeberg-bern.ch,131 Continental DrSuite 30519713 Newark DE,USA 🇺🇸,
modebern.com,LARGO TRADE LTD,Grossbritannien 🇬🇧,16666242
modefest.de,"Keine gültige Adresse, möglicher Verstoss gegen Art. 3 Abs. 1 lit. s UWG",Unbekannt 🏴‍☠️,
modehaus-basel.com,Goodiesforyou Limited,China 🇨🇳,
modehaus-blum.com,KUBE Commerce,Niederlande 🇳🇱,96118229
modehaus-wien.com,JK Ecom B.V.,Niederlande 🇳🇱,91018242
modehaus-wyss,89827422,Niederlande 🇳🇱,89827422
modehausessen.de,E-COM BUY-UP COMPANY LIMITED,Grossbritannien 🇬🇧,13705169
modehausschweiz.ch,Danilo De Pasquale,Schweiz 🇨🇭,CHE-350.724.231
modehunziker.ch,Viral Promotion GmbH,Schweiz 🇨🇭,
modehus-kobenhavn.dk,Goodiesforyou Limited,China 🇨🇳,
modekoenig.ch,Virtus Dives Holding Limited,Hong Kong 🇭🇰,
moderoyale.ch,"Keine gültige Adresse, möglicher Verstoss gegen Art. 3 Abs. 1 lit. s UWG",Unbekannt 🏴‍☠️,
modespecialistdebruin.nl,Global E-Commerce 84,Niederlande 🇳🇱,91942926
modestas.ch,Goodiesforyou Limited,China 🇨🇳,
modestas.nl,Goodiesforyou Limited,China 🇨🇳,
modewelt-zurich.ch,Lyess Mpongo,Schweiz 🇨🇭,Privatperson
modeweltmuller.de,E-COM BUY-UP COMPANY LIMITED,Grossbritannien 🇬🇧,13705169
modezuri.ch,Social Guru,Niederlande 🇳🇱,73002364
modovida.ch,"Keine gültige Adresse, möglicher Verstoss gegen Art. 3 Abs. 1 lit. s UWG",Unbekannt 🏴‍☠️,
mokkakai.com,"Keine gültige Adresse, möglicher Verstoss gegen Art. 3 Abs. 1 lit. s UWG",Unbekannt 🏴‍☠️,
molana.ch,Toma Media & Marketing,Schweiz 🇨🇭,CHE-251.798.059
molix.ch,Karel Gonzalez,Schweiz 🇨🇭,Privatperson
molneco.ch,"Keine gültige Adresse, möglicher Verstoss gegen Art. 3 Abs. 1 lit. s UWG",Unbekannt 🏴‍☠️,
molveri.ch,"Keine gültige Adresse, möglicher Verstoss gegen Art. 3 Abs. 1 lit. s UWG",Unbekannt 🏴‍☠️,
molveschuhe.com,"Keine gültige Adresse, möglicher Verstoss gegen Art. 3 Abs. 1 lit. s UWG",Unbekannt 🏴‍☠️,
mondaro.ch,"Keine gültige Adresse, möglicher Verstoss gegen Art. 3 Abs. 1 lit. s UWG",Unbekannt 🏴‍☠️,
mondis.ch,"Keine gültige Adresse, möglicher Verstoss gegen Art. 3 Abs. 1 lit. s UWG",Unbekannt 🏴‍☠️,
monika-taschen.com,"Mode Galerie LimitedUnit 1005, 10/F, Boss Commercial Centre, 28 Ferry Street, Yau Ma Tei, Hong Kong",Hong Kong 🇭🇰,75791642
montalpin.com,Golden Sky LLC,USA 🇺🇸,
montbliss.ch,Brands by Lisa,Niederlande 🇳🇱,87949415
moodaze.ch,Eric Wernli,Schweiz 🇨🇭,Privatperson
moodclothing.uk,"Keine gültige Adresse, möglicher Verstoss gegen Art. 3 Abs. 1 lit. s UWG",Unbekannt 🏴‍☠️,
mooral.ch,Mooral GmbH,Schweiz 🇨🇭,CHE-263.375.381
mooyam.ch,"Keine gültige Adresse, möglicher Verstoss gegen Art. 3 Abs. 1 lit. s UWG",Unbekannt 🏴‍☠️,
mosaik-nm.ch,Niko Markovic,Schweiz 🇨🇭,Privatperson
motorradserie.com,"Keine gültige Adresse, möglicher Verstoss gegen Art. 3 Abs. 1 lit. s UWG",Unbekannt 🏴‍☠️,
moulivo.de,Moulivo,Niederlande 🇳🇱,
muller-zurich.com,JK Ecom B.V.,Niederlande 🇳🇱,91018242
mullerfoxtown.com,"Keine gültige Adresse, möglicher Verstoss gegen Art. 3 Abs. 1 lit. s UWG",Unbekannt 🏴‍☠️,
mullermode.ch,"Keine gültige Adresse, möglicher Verstoss gegen Art. 3 Abs. 1 lit. s UWG",Unbekannt 🏴‍☠️,
mullermodus.com,"Keine gültige Adresse, möglicher Verstoss gegen Art. 3 Abs. 1 lit. s UWG",Unbekannt 🏴‍☠️,
mundowear.fr,43 BD Canlong13009 Marseille,Frankreich 🇫🇷,
my-shy.ch,"Keine gültige Adresse, möglicher Verstoss gegen Art. 3 Abs. 1 lit. s UWG",Unbekannt 🏴‍☠️,
mybestkid.ch,"Keine gültige Adresse, möglicher Verstoss gegen Art. 3 Abs. 1 lit. s UWG",Unbekannt 🏴‍☠️,
mycup.ch,"Keine gültige Adresse, möglicher Verstoss gegen Art. 3 Abs. 1 lit. s UWG",Unbekannt 🏴‍☠️,
myglowee.ch,"Keine gültige Adresse, möglicher Verstoss gegen Art. 3 Abs. 1 lit. s UWG",Unbekannt 🏴‍☠️,
myhomenow.ch,"Keine gültige Adresse, möglicher Verstoss gegen Art. 3 Abs. 1 lit. s UWG",Unbekannt 🏴‍☠️,
myitalianbracelet.com,"Keine gültige Adresse, möglicher Verstoss gegen Art. 3 Abs. 1 lit. s UWG",Unbekannt 🏴‍☠️,
mylittleworld.ch,"Keine gültige Adresse, möglicher Verstoss gegen Art. 3 Abs. 1 lit. s UWG",Unbekannt 🏴‍☠️,
myluxina.ch,Varathan S.S.I.,Schweiz 🇨🇭,CHE-231.768.084
mymini-me.ch,Cassandra Mathis,Schweiz 🇨🇭,Privatperson
mynova.ch,Alen Selimi,Schweiz 🇨🇭,CHE-169.420.370
mysalights.com,Mountain Road 1209NM87110 Albuquerque,USA 🇺🇸,
nalanook.ch,"Keine gültige Adresse, möglicher Verstoss gegen Art. 3 Abs. 1 lit. s UWG",Unbekannt 🏴‍☠️,
nalaundluna.com,Silja Luoma Switzerland GmbH,Schweiz 🇨🇭,
nalora.ch,In Wannen 188406 Winterthur,Schweiz 🇨🇭,
nanashave.com,"Keine gültige Adresse, möglicher Verstoss gegen Art. 3 Abs. 1 lit. s UWG",Unbekannt 🏴‍☠️,
nancys-bags.com,"Keine gültige Adresse, möglicher Verstoss gegen Art. 3 Abs. 1 lit. s UWG",Unbekannt 🏴‍☠️,
naturcontact.de,MNPM Enterprise LLC,USA 🇺🇸,2024-001396311
naturcontact.us,MNPM Enterprise LLC,USA 🇺🇸,2024-001396311
naturvibes.de,EcomGalaxy Limited,Hong Kong 🇭🇰,75581522-000-08-23-6
naturwide.de,Naturwide Ecomscaling Limited,Hong Kong 🇭🇰,78005027
naturwide.de,Ecomscaling Trade LimitedQueens Road 99Central Hongkong,Hong Kong 🇭🇰,
nauer-zurich.ch,Expresso Inb. Sooriyakumaran,Schweiz 🇨🇭,CHE-472.997.045
navoa.ch,"Keine gültige Adresse, möglicher Verstoss gegen Art. 3 Abs. 1 lit. s UWG",Unbekannt 🏴‍☠️,
navobyshop.com,"Keine gültige Adresse, möglicher Verstoss gegen Art. 3 Abs. 1 lit. s UWG",Unbekannt 🏴‍☠️,
nayk.ch,LSPL GmbH,Schweiz 🇨🇭,CHE-422.165.060
nazrann.com,"Keine gültige Adresse, möglicher Verstoss gegen Art. 3 Abs. 1 lit. s UWG",Unbekannt 🏴‍☠️,
nello-auckland.com,NLORE,Niederlande 🇳🇱,77956133
nestloves.ch,"Keine gültige Adresse, möglicher Verstoss gegen Art. 3 Abs. 1 lit. s UWG",Unbekannt 🏴‍☠️,
neuvo.ch,"Keine gültige Adresse, möglicher Verstoss gegen Art. 3 Abs. 1 lit. s UWG",Unbekannt 🏴‍☠️,
neva-london.com,"Keine gültige Adresse, möglicher Verstoss gegen Art. 3 Abs. 1 lit. s UWG",Unbekannt 🏴‍☠️,
neva-madrid.com,"Keine gültige Adresse, möglicher Verstoss gegen Art. 3 Abs. 1 lit. s UWG",Unbekannt 🏴‍☠️,
neva-zurich.ch,"Keine gültige Adresse, möglicher Verstoss gegen Art. 3 Abs. 1 lit. s UWG",Unbekannt 🏴‍☠️,
nevano.ch,"RB Trading, Bene",Schweiz 🇨🇭,CHE-441.767.319
nevano.ch,RB Group GmbHZugerstrasse 326340 Baar,Schweiz 🇨🇭,CHE-470.234.108
nevova-shop.com,"Keine gültige Adresse, möglicher Verstoss gegen Art. 3 Abs. 1 lit. s UWG",Unbekannt 🏴‍☠️,
nevova-store.com,"Keine gültige Adresse, möglicher Verstoss gegen Art. 3 Abs. 1 lit. s UWG",Unbekannt 🏴‍☠️,
nevova.ch,"Keine gültige Adresse, möglicher Verstoss gegen Art. 3 Abs. 1 lit. s UWG",Unbekannt 🏴‍☠️,
nevova.fr,"Keine gültige Adresse, möglicher Verstoss gegen Art. 3 Abs. 1 lit. s UWG",Unbekannt 🏴‍☠️,
newhoffmanandhearth.com,Rijker Products,Niederlande 🇳🇱,89004779
nicera.ch,"Keine gültige Adresse, möglicher Verstoss gegen Art. 3 Abs. 1 lit. s UWG",Unbekannt 🏴‍☠️,
nikolea.ch,"Keine gültige Adresse, möglicher Verstoss gegen Art. 3 Abs. 1 lit. s UWG",Unbekannt 🏴‍☠️,
nina-nicole.de,"Keine gültige Adresse, möglicher Verstoss gegen Art. 3 Abs. 1 lit. s UWG",Unbekannt 🏴‍☠️,
ninapedersen.com,DIGITAL DYNAMO MARKETING AGENCY LIMITED,China 🇨🇳,
ninefit.ch,Handelnine GlobalC/O AnibarroRoute de Saint-Cergue 241260 Nyon,Schweiz 🇨🇭,
noa-bern.com,DCFH PARTNERS LTD,Grossbritannien 🇬🇧,17049355
nobliance.com,"Keine gültige Adresse, möglicher Verstoss gegen Art. 3 Abs. 1 lit. s UWG",Unbekannt 🏴‍☠️,
noe-lou.com,"Keine gültige Adresse, möglicher Verstoss gegen Art. 3 Abs. 1 lit. s UWG",Unbekannt 🏴‍☠️,
nolara-shop.com,Viral Promotion GmbH,Schweiz 🇨🇭,CHE-470.360.167
nolivia.ch,"Keine gültige Adresse, möglicher Verstoss gegen Art. 3 Abs. 1 lit. s UWG",Unbekannt 🏴‍☠️,
nomio.ch,PMD Studios KLGSumstrasstrasse 258006 Zürich,Schweiz 🇨🇭,CHE-357.561.467
nomirituals.com,Expertfid & Audit AGOdyssey Scaling GmbHSinserstrasse 656330 Cham,Schweiz 🇨🇭,CHE-461.344.689
nooka.ch,Javier HalterZweibruggenmühlestrasse 179014 St. Gallen,Schweiz 🇨🇭,
noovis.ch,"Keine gültige Adresse, möglicher Verstoss gegen Art. 3 Abs. 1 lit. s UWG",Unbekannt 🏴‍☠️,
nordicglow.ch,"Keine gültige Adresse, möglicher Verstoss gegen Art. 3 Abs. 1 lit. s UWG",Unbekannt 🏴‍☠️,
nordlivingic.com,"Keine gültige Adresse, möglicher Verstoss gegen Art. 3 Abs. 1 lit. s UWG",Unbekannt 🏴‍☠️,
nordspur.de,NordSpur,Niederlande 🇳🇱,90942043
norwiss.de,"Keine gültige Adresse, möglicher Verstoss gegen Art. 3 Abs. 1 lit. s UWG",Unbekannt 🏴‍☠️,
nose-flow.ch,"Keine gültige Adresse, möglicher Verstoss gegen Art. 3 Abs. 1 lit. s UWG",Unbekannt 🏴‍☠️,
nosely.ch,Nosely SpasicWingertstrasse 488308 Illnau,Schweiz 🇨🇭,
notino.ch,"Keine gültige Adresse, möglicher Verstoss gegen Art. 3 Abs. 1 lit. s UWG",Unbekannt 🏴‍☠️,
notoe.ch,Fankhauser E-Commerce,Schweiz 🇨🇭,CHE-437.131.383
nouveauriche-official.com,"Keine gültige Adresse, möglicher Verstoss gegen Art. 3 Abs. 1 lit. s UWG",Niederlande 🇳🇱,85992070
nouvoire.ch,"Keine gültige Adresse, möglicher Verstoss gegen Art. 3 Abs. 1 lit. s UWG",Unbekannt 🏴‍☠️,
nova-basel.ch,"Keine gültige Adresse, möglicher Verstoss gegen Art. 3 Abs. 1 lit. s UWG",Unbekannt 🏴‍☠️,
nova-schweiz.ch,MCOM Scaling SàrlRue le Praz 361903 Collonges,Schweiz 🇨🇭,CHE-246.825.035
nova-zurich.ch,M Online Community,Niederlande 🇳🇱,86513931
nova-zurich.com,EcomForward LLC,USA 🇺🇸,10036424
nova-zurich.com,M Onlline CommunityDe Nieuwe Erven 35431 NV Cuijk,Niederlande 🇳🇱,NL004258072B88
novabasel.ch,"Keine gültige Adresse, möglicher Verstoss gegen Art. 3 Abs. 1 lit. s UWG",Unbekannt 🏴‍☠️,
novak-bern.com,Bern Designs,Niederlande 🇳🇱,87070626
novalia-ro.com,PYROS MEDIA Sàrl,Schweiz 🇨🇭,CHE-474.841.514
novalia-uk.com,PYROS MEDIA Sàrl,Schweiz 🇨🇭,CHE-474.841.514
novalia-usa.com,PYROS MEDIA Sàrl,Schweiz 🇨🇭,CHE-474.841.514
novamaison.ch,Capital Brands B.V.,Niederlande 🇳🇱,95327533
novamaison.shop,Capital Brands B.V.,Niederlande 🇳🇱,95327533
novara-capetown.com,"Keine gültige Adresse, möglicher Verstoss gegen Art. 3 Abs. 1 lit. s UWG",Unbekannt 🏴‍☠️,
novasta-fr.com,PYROS MEDIA Sàrl,Schweiz 🇨🇭,CHE-474.841.514
novasta.ch,PYROS MEDIA Sàrl,Schweiz 🇨🇭,CHE-474.841.514
novazurich.com,"Keine gültige Adresse, möglicher Verstoss gegen Art. 3 Abs. 1 lit. s UWG",Unbekannt 🏴‍☠️,
novela.ch,ecomlab GmbH,Schweiz 🇨🇭,CHE-156.908.722
novenza.de,Premiere Trading,Niederlande 🇳🇱,72141425
novit.life,"Keine gültige Adresse, möglicher Verstoss gegen Art. 3 Abs. 1 lit. s UWG",Unbekannt 🏴‍☠️,
novocelo.ch,"Keine gültige Adresse, möglicher Verstoss gegen Art. 3 Abs. 1 lit. s UWG",Unbekannt 🏴‍☠️,
nuciance-uk.com,Rijker Products,Niederlande 🇳🇱,89004779
nuggydream.de,"Keine gültige Adresse, möglicher Verstoss gegen Art. 3 Abs. 1 lit. s UWG",Unbekannt 🏴‍☠️,
nureesh.ch,"Keine gültige Adresse, möglicher Verstoss gegen Art. 3 Abs. 1 lit. s UWG",Unbekannt 🏴‍☠️,
nutrischweiz.ch,PrimeScale KLG,Schweiz 🇨🇭,CHE-171.649.462
oase-mode.de,Oase Mode,Niederlande 🇳🇱,
odense-modehus.dk,Goodiesforyou Limited,China 🇨🇳,
ohmyswiss.ch,Digital Scaling Sàrl,Schweiz 🇨🇭,CHE-404.894.149
oliverharrisonlondon.co.uk,Jako,Niederlande 🇳🇱,90151968
olivia-brown.co.uk,Goodiesforyou Limited,China 🇨🇳,
olivia-brownuk.com,Goodiesforyou Limited,China 🇨🇳,
olivia-modehaus.com,Goodiesforyou Limited,China 🇨🇳,
olivias-boutique.fr,Fraser Commerce,Niederlande 🇳🇱,88238075
olley.ch,E-COM BUY-UP COMPANY LIMITED,Grossbritannien 🇬🇧,13705169
omnifley.ch,"Keine gültige Adresse, möglicher Verstoss gegen Art. 3 Abs. 1 lit. s UWG",Unbekannt 🏴‍☠️,
omnipoint.ch,Toma Media & Marketing,Schweiz 🇨🇭,CHE-251.798.059
onaia.ch,STEIGER Online,Schweiz 🇨🇭,Einzelunternehmen
onlygoodstuff.ch,Nestor D. Molina,Schweiz 🇨🇭,Einzelunternehmen
onyxcookware.ch,Raasdal Trading ApS,Dänemark 🇩🇰,DK35140700
opallaa.ch,ECOM Group Jovanovic,Schweiz 🇨🇭,CHE-418.434.564
optimisticoffer.com,"Keine gültige Adresse, möglicher Verstoss gegen Art. 3 Abs. 1 lit. s UWG",Unbekannt 🏴‍☠️,
opulentivy.com,"Keine gültige Adresse, möglicher Verstoss gegen Art. 3 Abs. 1 lit. s UWG",Unbekannt 🏴‍☠️,
orderflow.ch,Orderflow AGIndustriestrasse 88325 Gossau,Schweiz 🇨🇭,CHE-114.367.766
orendashop.ch,ECOM Surer,Schweiz 🇨🇭,CHE-159.139.084
orgalife.ch,"Keine gültige Adresse, möglicher Verstoss gegen Art. 3 Abs. 1 lit. s UWG",Unbekannt 🏴‍☠️,
organisieredich.ch,"Keine gültige Adresse, möglicher Verstoss gegen Art. 3 Abs. 1 lit. s UWG",Unbekannt 🏴‍☠️,
orivix.ch,"Keine gültige Adresse, möglicher Verstoss gegen Art. 3 Abs. 1 lit. s UWG",Unbekannt 🏴‍☠️,
ortho-pulse.de,Orthopulse,Frankreich 🇫🇷,
orthoback.de,Fair Commerce Limited,Hong Kong 🇭🇰,76251227
orthoclarity.com,Begal Digital LLC,USA 🇺🇸,
orthofreund.ch,Nils MarquardtTheresia-Siewering Strasse 30b48268 Greven,Deutschland 🇩🇪,DE368215642
orthoheld.ch,Nils Marquardt,Deutschland 🇩🇪,DE368215642
ortholife.ch,Mekuria Kidanenariam,Schweiz 🇨🇭,
orthopedio.eu,HAICHEN TECHNOLOGY TRAD,Grossbritannien 🇬🇧,OC444813
orthosocks.ch,Yoel Holdings LLC,USA 🇺🇸,2024-001402448
ortorex.ch,One Pix Group,Lettland 🇱🇻,40203254669
ortorex.ch,Webocado LLCWollbromska 18/1bBreslau 53-148,Polen 🇵🇱,
ortorex.de,Webocado,Polen 🇵🇱,
ouhoe.ch,"Keine gültige Adresse, möglicher Verstoss gegen Art. 3 Abs. 1 lit. s UWG",Unbekannt 🏴‍☠️,
outdoo.ch,"Keine gültige Adresse, möglicher Verstoss gegen Art. 3 Abs. 1 lit. s UWG",Unbekannt 🏴‍☠️,
outdoorfreunde.ch,Adplace Limited,China 🇨🇳,3199426
outdoorheld.at,MNM Marketing GmbH,Österreich 🇦🇹,607534h
outdoorheld.uk,MNM Marketing GmbH,Österreich 🇦🇹,607534h
outdoorly.ch,"Keine gültige Adresse, möglicher Verstoss gegen Art. 3 Abs. 1 lit. s UWG",Unbekannt 🏴‍☠️,
overlane.at,Yannik Andrea Luca BlanzanoBrahmsgasse 148605 Kapfenberg,Österreich 🇦🇹,ATU82298112
oxyon.ch,Chesney Dean Amsler,Schweiz 🇨🇭,Privatperson
palmos-mode.ch,"Keine gültige Adresse, möglicher Verstoss gegen Art. 3 Abs. 1 lit. s UWG",Unbekannt 🏴‍☠️,
pamtu.ch,PAMTU GROUP GmbH,Schweiz 🇨🇭,CHE-477.412.629
papayalabs.ch,"Keine gültige Adresse, möglicher Verstoss gegen Art. 3 Abs. 1 lit. s UWG",Unbekannt 🏴‍☠️,
paradise-paw.com,VENDORA LLC,USA 🇺🇸,3697556
patido.ch,"Keine gültige Adresse, möglicher Verstoss gegen Art. 3 Abs. 1 lit. s UWG",Unbekannt 🏴‍☠️,
patrigo.ch,Glanzmann eCom,Schweiz 🇨🇭,CHE-177.624.182
paws4you.ch,"Keine gültige Adresse, möglicher Verstoss gegen Art. 3 Abs. 1 lit. s UWG",Unbekannt 🏴‍☠️,
pehoba.ch,"Keine gültige Adresse, möglicher Verstoss gegen Art. 3 Abs. 1 lit. s UWG",Unbekannt 🏴‍☠️,
pelino.ch,3CC Group AG,Schweiz 🇨🇭,CHE-466.760.836
pelzfreunde.com,Pelzfreunde Gemeinschaft,Deutschland 🇩🇪,
petify.ch,"Keine gültige Adresse, möglicher Verstoss gegen Art. 3 Abs. 1 lit. s UWG",Unbekannt 🏴‍☠️,
pfotenland.ch,VENDORA LLC,USA 🇺🇸,3697556
pfotenmeister.ch,Nesina E-Commerce,Schweiz 🇨🇭,CHE-316.106.605
pfotenmeister.ch,Remo Nesina,Schweiz 🇨🇭,Privatperson
pfotenquelle.com,Kim Sang MoPeninsula CentreMody Road 67Kowloon,Hong Kong 🇭🇰,
pikk.ch,"Keine gültige Adresse, möglicher Verstoss gegen Art. 3 Abs. 1 lit. s UWG",Unbekannt 🏴‍☠️,
pimdy.com,"Keine gültige Adresse, möglicher Verstoss gegen Art. 3 Abs. 1 lit. s UWG",Unbekannt 🏴‍☠️,
postilo.ch,"Keine gültige Adresse, möglicher Verstoss gegen Art. 3 Abs. 1 lit. s UWG",Unbekannt 🏴‍☠️,
potterpremiumstore.com,"Keine gültige Adresse, möglicher Verstoss gegen Art. 3 Abs. 1 lit. s UWG",Unbekannt 🏴‍☠️,
powerjets.ch,Innovarex GmbH,Schweiz 🇨🇭,CHE-291.171.613
praktishop.ch,Rusovan e-commerce,Schweiz 🇨🇭,CHE-303.421.658
prentaly.com,"Keine gültige Adresse, möglicher Verstoss gegen Art. 3 Abs. 1 lit. s UWG",Unbekannt 🏴‍☠️,
primaldo.ch,Basler Kommerz GmbH,Schweiz 🇨🇭,CHE-464.684.495
primdog.ch,WebMagnet Solutions LLC30 N Gould St Ste R SheridanWY 82801,USA 🇺🇸,
primeship.ch,"Keine gültige Adresse, möglicher Verstoss gegen Art. 3 Abs. 1 lit. s UWG",Unbekannt 🏴‍☠️,
primeye.ch,"Keine gültige Adresse, möglicher Verstoss gegen Art. 3 Abs. 1 lit. s UWG",Unbekannt 🏴‍☠️,
projekt-bern.com,Ecom Purpose Limited,Hong Kong 🇭🇰,76786014
puravidalife.ch,"Keine gültige Adresse, möglicher Verstoss gegen Art. 3 Abs. 1 lit. s UWG",Unbekannt 🏴‍☠️,
puredreams.ch,eberhart solution,Schweiz 🇨🇭,CHE-352.610.644
pureshave.ch,DC Trade Lemmens,Schweiz 🇨🇭,CHE-403.623.257
purestep.co.uk,"Keine gültige Adresse, möglicher Verstoss gegen Art. 3 Abs. 1 lit. s UWG",Unbekannt 🏴‍☠️,
purestream.ch,Bieri E-Commerce,Schweiz 🇨🇭,CHE-360.002.234
purezurich.ch,"Keine gültige Adresse, möglicher Verstoss gegen Art. 3 Abs. 1 lit. s UWG",Unbekannt 🏴‍☠️,
pylomo.de,Ches Commerce B.V.,Niederlande 🇳🇱,NL865565855B01
qualitio.ch,"Keine gültige Adresse, möglicher Verstoss gegen Art. 3 Abs. 1 lit. s UWG",Unbekannt 🏴‍☠️,
ralphlauren-schweiz.com,"Keine gültige Adresse, möglicher Verstoss gegen Art. 3 Abs. 1 lit. s UWG",Unbekannt 🏴‍☠️,
rabattmax.com,Paxtonstraat 3 N8013 RP Zwolle,Niederlande 🇳🇱,
realuminarie.ch,"Keine gültige Adresse, möglicher Verstoss gegen Art. 3 Abs. 1 lit. s UWG",Unbekannt 🏴‍☠️,
redjedeals.nl,"Keine gültige Adresse, möglicher Verstoss gegen Art. 3 Abs. 1 lit. s UWG",Unbekannt 🏴‍☠️,
reise-welt.ch,VENDORA LLC,USA 🇺🇸,3697556
relanify.com,Relanify - R. Muhaxheri,Schweiz 🇨🇭,CHE-471.677.388
relaxedbody.ch,"Keine gültige Adresse, möglicher Verstoss gegen Art. 3 Abs. 1 lit. s UWG",Unbekannt 🏴‍☠️,
relaxi.ch,Phoenix Studios GmbH,Schweiz 🇨🇭,CHE-297.401.852
releave.ch,Mekuria Kidanemariam,Schweiz 🇨🇭,Privatperson
releavecushion.com,Mekuria Kidanemariam,Schweiz 🇨🇭,Privatperson
relivira.ch,"Keine gültige Adresse, möglicher Verstoss gegen Art. 3 Abs. 1 lit. s UWG",Unbekannt 🏴‍☠️,
remesador.es,NEW ENDLESS TECHNOLOGY LTD.,Grossbritannien 🇬🇧,11296720
remobasel.com,"Keine gültige Adresse, möglicher Verstoss gegen Art. 3 Abs. 1 lit. s UWG",Unbekannt 🏴‍☠️,
rerix.ch,"Keine gültige Adresse, möglicher Verstoss gegen Art. 3 Abs. 1 lit. s UWG",Unbekannt 🏴‍☠️,
retroshot.ch,"Keine gültige Adresse, möglicher Verstoss gegen Art. 3 Abs. 1 lit. s UWG",Unbekannt 🏴‍☠️,
retro-stage.de,STELLAR INTERNATIONAL TRADE LTD,Grossbritannien 🇬🇧,16030691
ricci-stile.it,Global E-Commerce 84,Niederlande 🇳🇱,91942926
richandchic.com,"Keine gültige Adresse, möglicher Verstoss gegen Art. 3 Abs. 1 lit. s UWG",Unbekannt 🏴‍☠️,
richmond-zurich.ch,"Keine gültige Adresse, möglicher Verstoss gegen Art. 3 Abs. 1 lit. s UWG",Unbekannt 🏴‍☠️,
rightnowtoys.ch,Yehor Kyrylov,Schweiz 🇨🇭,Privatperson
rileo.ch,"Keine gültige Adresse, möglicher Verstoss gegen Art. 3 Abs. 1 lit. s UWG",Unbekannt 🏴‍☠️,
rileo.de,"Keine gültige Adresse, möglicher Verstoss gegen Art. 3 Abs. 1 lit. s UWG",Unbekannt 🏴‍☠️,
rimara.ch,"Keine gültige Adresse, möglicher Verstoss gegen Art. 3 Abs. 1 lit. s UWG",Unbekannt 🏴‍☠️,
rivaro.ch,"Keine gültige Adresse, möglicher Verstoss gegen Art. 3 Abs. 1 lit. s UWG",Unbekannt 🏴‍☠️,
rivarsuisse.ch,"Keine gültige Adresse, möglicher Verstoss gegen Art. 3 Abs. 1 lit. s UWG",Unbekannt 🏴‍☠️,
rjlivin.ch,"Keine gültige Adresse, möglicher Verstoss gegen Art. 3 Abs. 1 lit. s UWG",Unbekannt 🏴‍☠️,
rondor.ch,VH Group SàrlRue de Borg 271003 Lausanne,Schweiz 🇨🇭,CHE-169.557.307
rosespecialstore.com,Rosa De Simone,Schweiz 🇨🇭,Privatperson
rouvahelsinki.com,Rijker Products,Niederlande 🇳🇱,89004779
royalgo.ch,MMO PLUS GmbH,Schweiz 🇨🇭,CHE-170.937.556
royaltier.co,MMO PLUS GmbH,Schweiz 🇨🇭,CHE-170.937.556
ruchzuerich.ch,Alyssia Ruch,Schweiz 🇨🇭,Privatperson
rückenmacher.ch,Nils Marquardt,Deutschland 🇩🇪,Privatperson
ruvendo.ch,Rodriguez E-Commerce,Schweiz 🇨🇭,CHE-161.110.776
safety-shoes.ch,David Schütz,Schweiz 🇨🇭,Privatperson
saisonic.ch,"Keine gültige Adresse, möglicher Verstoss gegen Art. 3 Abs. 1 lit. s UWG",Unbekannt 🏴‍☠️,
salova.ch,Kosar Services,Niederlande 🇳🇱,87586746
salva-zurich.com,"Keine gültige Adresse, möglicher Verstoss gegen Art. 3 Abs. 1 lit. s UWG",Unbekannt 🏴‍☠️,
sara-modewinkeltje.nl,EcomForward LLC,USA 🇺🇸,10036424
sarah-schweiz.com,Goodiesforyou Limited,China 🇨🇳,
www.sarando-shop.com,"LCR&FB TRADING CO., LTD",Grossbritannien 🇬🇧,15587721
savepets.ch,savepets.ch E-Commerce Kehl,Schweiz 🇨🇭,CHE-162.074.769
schaffner-basel.ch,Expresso Inb. Sooriyakumaran,Schweiz 🇨🇭,CHE-472.997.045
schmidmodesalzburg.de,"Keine gültige Adresse, möglicher Verstoss gegen Art. 3 Abs. 1 lit. s UWG",Unbekannt 🏴‍☠️,
schmidt-modehaus.de,"Keine gültige Adresse, möglicher Verstoss gegen Art. 3 Abs. 1 lit. s UWG",Unbekannt 🏴‍☠️,
schmidtstil.com,Schmidt & Stil,Deutschland 🇩🇪,
schneider-fashionhouse.com,New Media License PTE Ltd.,Singapore 🇸🇬,11296720
schneider-mode.ch,"Keine gültige Adresse, möglicher Verstoss gegen Art. 3 Abs. 1 lit. s UWG",Unbekannt 🏴‍☠️,
schneiderdusseldorf.de,"Keine gültige Adresse, möglicher Verstoss gegen Art. 3 Abs. 1 lit. s UWG",Unbekannt 🏴‍☠️,
schneidersalzburg.at,"Keine gültige Adresse, möglicher Verstoss gegen Art. 3 Abs. 1 lit. s UWG",Unbekannt 🏴‍☠️,
schubertmode.de,E-COM BUY-UP COMPANY LIMITED,Grossbritannien 🇬🇧,13705169
schulte-boutique.de,Logeergezin Bedum,Niederlande 🇳🇱,56667981
schulzmode.de,E-COM BUY-UP COMPANY LIMITED,Grossbritannien 🇬🇧,13705169
schumbag.ch,"Keine gültige Adresse, möglicher Verstoss gegen Art. 3 Abs. 1 lit. s UWG",Unbekannt 🏴‍☠️,
Schweiz 🇨🇭er-modewelt.com,Schweiz 🇨🇭er Modewelt,Grossbritannien 🇬🇧,
schweiz-mode.com,"Keine gültige Adresse, möglicher Verstoss gegen Art. 3 Abs. 1 lit. s UWG",Unbekannt 🏴‍☠️,
schweizer-modehaus.ch,"Keine gültige Adresse, möglicher Verstoss gegen Art. 3 Abs. 1 lit. s UWG",Unbekannt 🏴‍☠️,
schweizer-modewelt.com,Schweizer Modewelt,Grossbritannien 🇬🇧,
schweizleben.ch,"Keine gültige Adresse, möglicher Verstoss gegen Art. 3 Abs. 1 lit. s UWG",Unbekannt 🏴‍☠️,
schweizmoda.com,"Keine gültige Adresse, möglicher Verstoss gegen Art. 3 Abs. 1 lit. s UWG",Unbekannt 🏴‍☠️,
schweizwaren.com,"Keine gültige Adresse, möglicher Verstoss gegen Art. 3 Abs. 1 lit. s UWG",Unbekannt 🏴‍☠️,
seame-brand.com,"Keine gültige Adresse, möglicher Verstoss gegen Art. 3 Abs. 1 lit. s UWG",Unbekannt 🏴‍☠️,
seazon.ch,"Keine gültige Adresse, möglicher Verstoss gegen Art. 3 Abs. 1 lit. s UWG",Unbekannt 🏴‍☠️,
seazonary.ch,"Keine gültige Adresse, möglicher Verstoss gegen Art. 3 Abs. 1 lit. s UWG",Unbekannt 🏴‍☠️,
secretteddy.com,WAC LLC,USA 🇺🇸,
seiswiss.ch,"Keine gültige Adresse, möglicher Verstoss gegen Art. 3 Abs. 1 lit. s UWG",Unbekannt 🏴‍☠️,
sekoda-ch.com,"Keine gültige Adresse, möglicher Verstoss gegen Art. 3 Abs. 1 lit. s UWG",Unbekannt 🏴‍☠️,
selectro.ch,Basler Kommerz GmbH,Schweiz 🇨🇭,CHE-464.684.495
selway.ch,Selway Ertan Keskin,Schweiz 🇨🇭,Einzelunternehmen
senovaswitzerland.ch,QaddoumiBüelstrasse 678474 Dinhard,Schweiz 🇨🇭,CHE-288.953.868
shapees.ch,Ma Kroko GmbH,Schweiz 🇨🇭,
shopinbit.com,SHOPINBIT EU Sp. z o.o.,Polen 🇵🇱,6751798444
shopino-zurich.ch,"Keine gültige Adresse, möglicher Verstoss gegen Art. 3 Abs. 1 lit. s UWG",Unbekannt 🏴‍☠️,
shoplix.ch,"Keine gültige Adresse, möglicher Verstoss gegen Art. 3 Abs. 1 lit. s UWG",Unbekannt 🏴‍☠️,
shopluuma.de,OJJ EAL ECOM ANGELS LTD,Zypern 🇨🇾,HE 462666
shoptimal.ch,E-Petrovic,Schweiz 🇨🇭,CHE-465.765.239
silentnite.ch,"Keine gültige Adresse, möglicher Verstoss gegen Art. 3 Abs. 1 lit. s UWG",Unbekannt 🏴‍☠️,
silken-swiss.com,Goodiesforyou Limited,China 🇨🇳,
silkerswiss.com,Rijker Products,Niederlande 🇳🇱,89004779
simpls.ch,Onlineshop Frei,Schweiz 🇨🇭,CHE-254.842.030
sinnra.ch,"Keine gültige Adresse, möglicher Verstoss gegen Art. 3 Abs. 1 lit. s UWG",Unbekannt 🏴‍☠️,
sivalomode.com,"Keine gültige Adresse, möglicher Verstoss gegen Art. 3 Abs. 1 lit. s UWG",Unbekannt 🏴‍☠️,
skebba.com,Barbey Michaël,Schweiz 🇨🇭,Privatperson
skins4all.ch,"Keine gültige Adresse, möglicher Verstoss gegen Art. 3 Abs. 1 lit. s UWG",Unbekannt 🏴‍☠️,
slimsculedll.com,,,
slyk.ch,LSPL GmbH,Schweiz 🇨🇭,CHE-422.165.060
smart-schmerzfrei.de,MNM Marketing GmbH,Österreich 🇦🇹,607534h
smartbrush.ch,Babalaas GmbH,Schweiz 🇨🇭,CHE-301.946.223
smartmansion.ch,"Keine gültige Adresse, möglicher Verstoss gegen Art. 3 Abs. 1 lit. s UWG",Unbekannt 🏴‍☠️,
smilesshop.ch,"Keine gültige Adresse, möglicher Verstoss gegen Art. 3 Abs. 1 lit. s UWG",Unbekannt 🏴‍☠️,
snugglepaw.ch,Mahic eCommerce,Schweiz 🇨🇭,CHE-320.514.717
snugglys.ch,Mooral GmbH,Schweiz 🇨🇭,CHE-263.375.381
sodeal.ch,Neumarktstrasse 482503 Biel,Schweiz 🇨🇭,CH-036.4.066.232-4
soera.ch,Ecom Oasis Ltd,Hong Kong 🇭🇰,3304738
sofia-melbourne.com,"Keine gültige Adresse, möglicher Verstoss gegen Art. 3 Abs. 1 lit. s UWG",Unbekannt 🏴‍☠️,
sofia-weber.ch,LE Global Limited,China 🇨🇳,
sofiadress.ch,SOFIADRESS MARZETTA,Schweiz 🇨🇭,CHE-134.949.233
solarenergie-beleuchtung.ch/,"Keine gültige Adresse, möglicher Verstoss gegen Art. 3 Abs. 1 lit. s UWG",Unbekannt 🏴‍☠️,
solarisstudios.ch,"Keine gültige Adresse, möglicher Verstoss gegen Art. 3 Abs. 1 lit. s UWG",Unbekannt 🏴‍☠️,
solayah.com,"Keine gültige Adresse, möglicher Verstoss gegen Art. 3 Abs. 1 lit. s UWG",Unbekannt 🏴‍☠️,
soledea.ch,"Keine gültige Adresse, möglicher Verstoss gegen Art. 3 Abs. 1 lit. s UWG",Unbekannt 🏴‍☠️,
soleill.ch,Erkmen Online Business,Schweiz 🇨🇭,CHE-244.183.651
soloshave.ch,Ecom Ciancio,Schweiz 🇨🇭,Privatperson
solufamily.ch,"Keine gültige Adresse, möglicher Verstoss gegen Art. 3 Abs. 1 lit. s UWG",Unbekannt 🏴‍☠️,
solvanegeneve.com,Brighter TomorrowReuvekamp 207152 GV Eibergen,Niederlande 🇳🇱,NL005041808B13
sophia-bern.ch,FHDC Partners Ltd86-90 Paul StreetLondon EC2A 4NE,Grossbritannien 🇬🇧,16642601
sophia-sydney.com,JDW Online,Niederlande 🇳🇱,89256360
sorensenstil.dk,Global E-Commerce 84,Niederlande 🇳🇱,91942926
soulful-berlin.de,,Unbekannt 🏴‍☠️,
soulona.com,"Keine gültige Adresse, möglicher Verstoss gegen Art. 3 Abs. 1 lit. s UWG",Unbekannt 🏴‍☠️,
sovendy-official.com,"Keine gültige Adresse, möglicher Verstoss gegen Art. 3 Abs. 1 lit. s UWG",Unbekannt 🏴‍☠️,
sparoase.ch,Ecom Ciancio,Schweiz 🇨🇭,Privatperson
speczer.ch,"Keine gültige Adresse, möglicher Verstoss gegen Art. 3 Abs. 1 lit. s UWG",Unbekannt 🏴‍☠️,
spielzeugfant.ch,"Keine gültige Adresse, möglicher Verstoss gegen Art. 3 Abs. 1 lit. s UWG",Unbekannt 🏴‍☠️,
sr-shop.ch,"Keine gültige Adresse, möglicher Verstoss gegen Art. 3 Abs. 1 lit. s UWG",Unbekannt 🏴‍☠️,
stahlgear.de,StahlGear,Deutschland 🇩🇪,DE356008673
stanwi.com,"Keine gültige Adresse, möglicher Verstoss gegen Art. 3 Abs. 1 lit. s UWG",Unbekannt 🏴‍☠️,
starseater.ch,"Keine gültige Adresse, möglicher Verstoss gegen Art. 3 Abs. 1 lit. s UWG",Unbekannt 🏴‍☠️,
starsway.ch,"Keine gültige Adresse, möglicher Verstoss gegen Art. 3 Abs. 1 lit. s UWG",Unbekannt 🏴‍☠️,
statiko.com,"Keine gültige Adresse, möglicher Verstoss gegen Art. 3 Abs. 1 lit. s UWG",Unbekannt 🏴‍☠️,
steigenberger-zurich.com,EcommMax Solutions De Oliveira Schoch,Schweiz 🇨🇭,CHE-164.373.467
steiner-bern.ch,Pont E-Commerce GmbH,Schweiz 🇨🇭,CHE-453.468.786
steinermode.ch,Smart Marketing Center,Niederlande 🇳🇱,75578212
stella-zurich.com,"Keine gültige Adresse, möglicher Verstoss gegen Art. 3 Abs. 1 lit. s UWG",Unbekannt 🏴‍☠️,
stellabrillantejewellery.ch,BGF Investment GmbH in Liquidation,Schweiz 🇨🇭,CHE-369.533.118
stmoritz-boutique.ch,Ingrao,Schweiz 🇨🇭,CHE-254.399.483
storeo.ch,E-Commerce M. Brzovic,Schweiz 🇨🇭,CHE-308.064.465
storevillage.ch,Boskic Performance Marketing,Schweiz 🇨🇭,CHE-352.303.225
strauss-mode.com,JG ECOMMERCE,Niederlande 🇳🇱,95565116
stucki-luzern.ch,Manuel Vazquez Bena,Schweiz 🇨🇭,CHE-352.179.511
studio-elva.de,Via Cantonale 16774 Dalpe,Schweiz 🇨🇭,
stuhlbezug.ch,WoW Shop GmbH,Schweiz 🇨🇭,CHE-426.651.141
stussyshoodiesch.com,"Keine gültige Adresse, möglicher Verstoss gegen Art. 3 Abs. 1 lit. s UWG",Unbekannt 🏴‍☠️,
stutz-zuerich.ch,"Keine gültige Adresse, möglicher Verstoss gegen Art. 3 Abs. 1 lit. s UWG",Unbekannt 🏴‍☠️,
stylow.ch,"Keine gültige Adresse, möglicher Verstoss gegen Art. 3 Abs. 1 lit. s UWG",Unbekannt 🏴‍☠️,
su.vogany.com,SAS Premium,China 🇨🇳,
sudrabern.com,Bureau MAXVivian BastawrosClara Egginklaan 301422 LL Uithoorn,Niederlande 🇳🇱,
sudrabern.com,Vivian Bastawros Clara Egginklaan 301422 LL Uithoorn,Niederlande 🇳🇱,
suissechiq.ch,Cras Trade,Niederlande 🇳🇱,87151243
suissemotion.ch,Swiss Alps Travel & SwissMotion Rental Car GmbH,Schweiz 🇨🇭,CHE-175.699.358
sukisato.com,"Keine gültige Adresse, möglicher Verstoss gegen Art. 3 Abs. 1 lit. s UWG",Unbekannt 🏴‍☠️,
sunzone.ch,PHOENIX Studios GmbH,Schweiz 🇨🇭,CHE-297.401.852
superiorselections.ch,"Keine gültige Adresse, möglicher Verstoss gegen Art. 3 Abs. 1 lit. s UWG",Unbekannt 🏴‍☠️,
surio.ch,"Keine gültige Adresse, möglicher Verstoss gegen Art. 3 Abs. 1 lit. s UWG",Unbekannt 🏴‍☠️,
suter-mode-luzern.ch,"Keine gültige Adresse, möglicher Verstoss gegen Art. 3 Abs. 1 lit. s UWG",Unbekannt 🏴‍☠️,
sutermodeluzern.ch,"Keine gültige Adresse, möglicher Verstoss gegen Art. 3 Abs. 1 lit. s UWG",Unbekannt 🏴‍☠️,
suvee.ch,NLB - Ecommerce,Niederlande 🇳🇱,77919734
svelton.com,E-Shop Global Commerce Limited,China 🇨🇳,76552716
sweater-club.com,"Keine gültige Adresse, möglicher Verstoss gegen Art. 3 Abs. 1 lit. s UWG",Unbekannt 🏴‍☠️,
sweet-babys.ch,"Keine gültige Adresse, möglicher Verstoss gegen Art. 3 Abs. 1 lit. s UWG",Unbekannt 🏴‍☠️,
sweetface.ch,"Keine gültige Adresse, möglicher Verstoss gegen Art. 3 Abs. 1 lit. s UWG",Unbekannt 🏴‍☠️,
sweetsparkle.ch,Dreamflower GmbH,Schweiz 🇨🇭,CHE-288.808.166
swify.ch,Karel Gonzalez,Schweiz 🇨🇭,Privatperson
swiss-fashion.ch,"Keine gültige Adresse, möglicher Verstoss gegen Art. 3 Abs. 1 lit. s UWG",Unbekannt 🏴‍☠️,
swiss-mody.com,Goodiesforyou Limited,China 🇨🇳,
swiss4less.com,Bondolfi's swiss4less OnlineShop,Schweiz 🇨🇭,CHE-131.969.558
swissbutik.com,Notes Community,Niederlande 🇳🇱,75251353
swissdivasfit.ch,Lourdes Heim,Schweiz 🇨🇭,Privatperson
swissgadget.ch,CMerce GmbHBösch 216331 Hünenberg,Schweiz 🇨🇭,CHE-352.825.699
swissgadgets.ch,Swiss E Group GmbH,Schweiz 🇨🇭,CHE-196.221.324
swissgemz.ch,TrendFocus,Niederlande 🇳🇱,95188134
swissimode.com,"Keine gültige Adresse, möglicher Verstoss gegen Art. 3 Abs. 1 lit. s UWG",Unbekannt 🏴‍☠️,
swisslagerverkauf.ch,"Keine gültige Adresse, möglicher Verstoss gegen Art. 3 Abs. 1 lit. s UWG",Unbekannt 🏴‍☠️,
swissleggys.ch,Francesco Evola,Schweiz 🇨🇭,Privatperson
swissleno.ch,Postizzi Fashion,Schweiz 🇨🇭,CHE-480.466.554
swisslona.ch,Maghaouma Groupe Einzelunternehmen,Schweiz 🇨🇭,CH-320.1.100.315-7
swissmino.ch,"Keine gültige Adresse, möglicher Verstoss gegen Art. 3 Abs. 1 lit. s UWG",Unbekannt 🏴‍☠️,
swisspedics.ch,"Keine gültige Adresse, möglicher Verstoss gegen Art. 3 Abs. 1 lit. s UWG",Unbekannt 🏴‍☠️,
swisspedics.shop,"Keine gültige Adresse, möglicher Verstoss gegen Art. 3 Abs. 1 lit. s UWG",Unbekannt 🏴‍☠️,
swissplatinum.ch,Sarfo Ransford,Schweiz 🇨🇭,Privatperson
swissskip.ch,"Keine gültige Adresse, möglicher Verstoss gegen Art. 3 Abs. 1 lit. s UWG",Unbekannt 🏴‍☠️,
swissstep.com,"Keine gültige Adresse, möglicher Verstoss gegen Art. 3 Abs. 1 lit. s UWG",Unbekannt 🏴‍☠️,
swisstailored.ch,OG Commerce GmbH,Schweiz 🇨🇭,CHE-278.357.481
swisswardrobe.com,"Keine gültige Adresse, möglicher Verstoss gegen Art. 3 Abs. 1 lit. s UWG",Unbekannt 🏴‍☠️,
swisszar.com,SwissZar LLC,USA 🇺🇸,2024-001385284
switella.ch,"Keine gültige Adresse, möglicher Verstoss gegen Art. 3 Abs. 1 lit. s UWG",Unbekannt 🏴‍☠️,
swithy.ch,Swithy,Schweiz 🇨🇭,CH-280.1.028.687-8
switzes.com,WOUT LLP,Grossbritannien 🇬🇧,OC452365
swivy-de,"Swiss Ecommerce LimitedSuite C, Level 7, World Trust Tower, 50 Stanley Street, Central Hong Kong",Hong Kong 🇭🇰,
swoxx.ch,"Keine gültige Adresse, möglicher Verstoss gegen Art. 3 Abs. 1 lit. s UWG",Unbekannt 🏴‍☠️,
symplyshop.ch,Symply Agency GmbH,Schweiz 🇨🇭,CHE-337.171.057
tamaz.ch,"Keine gültige Adresse, möglicher Verstoss gegen Art. 3 Abs. 1 lit. s UWG",Unbekannt 🏴‍☠️,
tanora-shop.com,"Keine gültige Adresse, möglicher Verstoss gegen Art. 3 Abs. 1 lit. s UWG",Unbekannt 🏴‍☠️,
tanora.co,"Keine gültige Adresse, möglicher Verstoss gegen Art. 3 Abs. 1 lit. s UWG",Unbekannt 🏴‍☠️,
taschenschmied.de,"Malinao LimitedUnit 1005, 10/FBoss Commercial Centre28 Ferry StreetYau Ma TeiHong Kong",Hong Kong 🇭🇰,
tassetrend.de,"Keine gültige Adresse, möglicher Verstoss gegen Art. 3 Abs. 1 lit. s UWG",Unbekannt 🏴‍☠️,
tavendia.de,JX INTERNATIONAL LDT,Grossbritannien 🇬🇧,14722213
taylor-londonuk.com,LE Global Limited,China 🇨🇳,
tectech.ch,"Keine gültige Adresse, möglicher Verstoss gegen Art. 3 Abs. 1 lit. s UWG",Unbekannt 🏴‍☠️,
teki-ch.com,"Triple Win Trading Co., Limited",Hong Kong 🇭🇰,78202709
temala.de,Unity Ecom,Niederlande 🇳🇱,76178110
terraiaswiss.ch,Julie Salgat,Schweiz 🇨🇭,CHE-139.927.397
terraiaswiss.ch,Julie SalgatRue de la Golatte 242800 Delémont,Schweiz 🇨🇭,CHE-133.927.397
the-home.ch,Quirin Beck und Gian Al-Khouri,Schweiz 🇨🇭,Privatpersonen
theboutique.ch,WOUT LLP,Grossbritannien 🇬🇧,OC452365
thegenetix.com,"Keine gültige Adresse, möglicher Verstoss gegen Art. 3 Abs. 1 lit. s UWG",Unbekannt 🏴‍☠️,
theneocupswiss.com,Irion Kollewijn,Schweiz 🇨🇭,CHE-373.236.356
theoak.ch,"Keine gültige Adresse, möglicher Verstoss gegen Art. 3 Abs. 1 lit. s UWG",Unbekannt 🏴‍☠️,
thetinythrone.ch,BGF Investment GmbH in Liquidation,Schweiz 🇨🇭,CHE-369.533.118
ticaso.ch,Oliver Stucki Upcycling Trading,Schweiz 🇨🇭,CHE-467.741.416
tickgreen.net,"Keine gültige Adresse, möglicher Verstoss gegen Art. 3 Abs. 1 lit. s UWG",Unbekannt 🏴‍☠️,
tierbedarf-plus.de,Malinao Limited,Hong Kong 🇭🇰,
tierseelen.com,Ole Armin Waldinger,Deutschland 🇩🇪,Privatperson
tina-taschen.de,"Keine gültige Adresse, möglicher Verstoss gegen Art. 3 Abs. 1 lit. s UWG",Unbekannt 🏴‍☠️,
tisoli.ch,Dorentina Tali,Schweiz 🇨🇭,
titean.ch,Cyril Schmieder,Schweiz 🇨🇭,Privatperson
tivas.ch,"Keine gültige Adresse, möglicher Verstoss gegen Art. 3 Abs. 1 lit. s UWG",Unbekannt 🏴‍☠️,
tokshop.ch,B&F Holdings Ltd.,Schweiz 🇨🇭Grossbritannien 🇬🇧,CHE-392.287.153
toolit.ch,"Keine gültige Adresse, möglicher Verstoss gegen Art. 3 Abs. 1 lit. s UWG",Unbekannt 🏴‍☠️,
toolu.ch,Elias Hakimi,Schweiz 🇨🇭,Privatperson
topgamers.ch,EDNSY Online Shop Doganay,Schweiz 🇨🇭,CHE-187.672.544
toptop.sk,NEW ENDLESS TECHNOLOGY LTD.,Grossbritannien 🇬🇧,11296720
toyscentral.ch,"Keine gültige Adresse, möglicher Verstoss gegen Art. 3 Abs. 1 lit. s UWG",Unbekannt 🏴‍☠️,
traumraum.ch,"Keine gültige Adresse, möglicher Verstoss gegen Art. 3 Abs. 1 lit. s UWG",Unbekannt 🏴‍☠️,
travelwolves.ch,Schmid Commerce,Schweiz 🇨🇭,CHE-397.295.237
trend-box.ch,VENDORA LLC,USA 🇺🇸,3697556
trendea.ch,GDE COMMERCE,Frankreich 🇫🇷,95252794300015
trendful-swiss.ch,"Keine gültige Adresse, möglicher Verstoss gegen Art. 3 Abs. 1 lit. s UWG",Unbekannt 🏴‍☠️,
trendhive24.com,Artur Kaparulin,Schweiz 🇨🇭,Privatperson
trendlav.ch,"Keine gültige Adresse, möglicher Verstoss gegen Art. 3 Abs. 1 lit. s UWG",Unbekannt 🏴‍☠️,
trendmarket.ch,"Keine gültige Adresse, möglicher Verstoss gegen Art. 3 Abs. 1 lit. s UWG",Unbekannt 🏴‍☠️,
trends-for-you.ch,eberhart solution,Schweiz 🇨🇭,CHE-352.610.644
trendsspot.ch,"Keine gültige Adresse, möglicher Verstoss gegen Art. 3 Abs. 1 lit. s UWG",Unbekannt 🏴‍☠️,
trendwelt-zurich.ch,"Keine gültige Adresse, möglicher Verstoss gegen Art. 3 Abs. 1 lit. s UWG",Unbekannt 🏴‍☠️,
trendwurm24.de,Thomas Bächler,Schweiz 🇨🇭,CHE-316.304.714
trendy-zurich.com,"Keine gültige Adresse, möglicher Verstoss gegen Art. 3 Abs. 1 lit. s UWG",Unbekannt 🏴‍☠️,
trendypreis.ch,NEW ENDLESS TECHNOLOGY LTD.,Grossbritannien 🇬🇧,11296720
trendypreis.de,NEW ENDLESS TECHNOLOGY LTD.,Grossbritannien 🇬🇧,11296720
trendz-it.ch,"Keine gültige Adresse, möglicher Verstoss gegen Art. 3 Abs. 1 lit. s UWG",Unbekannt 🏴‍☠️,
trinktiger.de,Rene JozicBrandOrbit UGScharbeutzer Strasse 8722147 Hamburg,Deutschland 🇩🇪,
troublefree.ch,"Keine gültige Adresse, möglicher Verstoss gegen Art. 3 Abs. 1 lit. s UWG",Unbekannt 🏴‍☠️,
truedesire.ch,"Keine gültige Adresse, möglicher Verstoss gegen Art. 3 Abs. 1 lit. s UWG",Unbekannt 🏴‍☠️,
truefresh.ch,Isufi Imperial,Schweiz 🇨🇭,CHE-343.073.115
tryfolliclelab.com,"Keine gültige Adresse, möglicher Verstoss gegen Art. 3 Abs. 1 lit. s UWG",Unbekannt 🏴‍☠️,
trymiu.ch,"Keine gültige Adresse, möglicher Verstoss gegen Art. 3 Abs. 1 lit. s UWG",Unbekannt 🏴‍☠️,
tughi.eu,"Keine gültige Adresse, möglicher Verstoss gegen Art. 3 Abs. 1 lit. s UWG",Unbekannt 🏴‍☠️,
turbodetailmodels.com,"Keine gültige Adresse, möglicher Verstoss gegen Art. 3 Abs. 1 lit. s UWG",Unbekannt 🏴‍☠️,
tykki.ch,"Keine gültige Adresse, möglicher Verstoss gegen Art. 3 Abs. 1 lit. s UWG",Unbekannt 🏴‍☠️,
u-foot.com,VENDORA LLC,USA 🇺🇸,3697556
ufoot.ch,BGF Investment GmbH in Liquidation,Schweiz 🇨🇭,CHE-369.533.118
ukana.ch,David Hawker,Schweiz 🇨🇭,Privatperson
ukseazon.com,"Keine gültige Adresse, möglicher Verstoss gegen Art. 3 Abs. 1 lit. s UWG",Unbekannt 🏴‍☠️,
ultimus.ch,Elephant Fishing GmbH,Schweiz 🇨🇭,CHE-248.380.647
ultradeal.ch,"Keine gültige Adresse, möglicher Verstoss gegen Art. 3 Abs. 1 lit. s UWG",Unbekannt 🏴‍☠️,
uniqly.ch,,Uniqly GmbH,
uniquee.shop,"Keine gültige Adresse, möglicher Verstoss gegen Art. 3 Abs. 1 lit. s UWG",Unbekannt 🏴‍☠️,
unyka.ch,"Keine gültige Adresse, möglicher Verstoss gegen Art. 3 Abs. 1 lit. s UWG",Unbekannt 🏴‍☠️,
up-bottles.ch,Michel Zonoo Shop,Schweiz 🇨🇭,CHE-422.802.323
ursprungsgang.at,Ivan Misic,Österreich 🇦🇹,Privatperson
usely.ch,"Keine gültige Adresse, möglicher Verstoss gegen Art. 3 Abs. 1 lit. s UWG",Unbekannt 🏴‍☠️,
utopiazurich.com,"Keine gültige Adresse, möglicher Verstoss gegen Art. 3 Abs. 1 lit. s UWG",Unbekannt 🏴‍☠️,
valora-mode.com,"Keine gültige Adresse, möglicher Verstoss gegen Art. 3 Abs. 1 lit. s UWG",Unbekannt 🏴‍☠️,
vamos-mode.ch,Vamos-mode,Niederlande 🇳🇱,81345232
vandammestijl.be,Global E-Commerce 84,Niederlande 🇳🇱,91942926
vandammestyle.fr,Global E-Commerce 84,Niederlande 🇳🇱,91942926
vanessazurich.ch,"Keine gültige Adresse, möglicher Verstoss gegen Art. 3 Abs. 1 lit. s UWG",Unbekannt 🏴‍☠️,
vangillis.nl,KZ SMMA SOLUTIONS B.V.,Niederlande 🇳🇱,90519493
vanhalenmode.nl,E-COM BUY-UP COMPANY LIMITED,Grossbritannien 🇬🇧,13705169
vanhalenmode.nl,E-COM BUY-UP COMPANY LIMITED,Grossbritannien 🇬🇧,13705169
vantasia.ch,Glanzmann eCom,Schweiz 🇨🇭,CHE-177.624.182
velnora.ch,Velnora NäfDora-Staudinger-Strasse 18046 Zürich,Schweiz 🇨🇭,CHE-199.485.925
velocare.ch,Swiss E Group GmbH,Schweiz 🇨🇭,CHE-196.221.324
veloura.ch,"Keine gültige Adresse, möglicher Verstoss gegen Art. 3 Abs. 1 lit. s UWG",Unbekannt 🏴‍☠️,
velthentic.com,"Keine gültige Adresse, möglicher Verstoss gegen Art. 3 Abs. 1 lit. s UWG",Unbekannt 🏴‍☠️,
velurashop.ch,Spirit GmbH,Schweiz 🇨🇭,CHE-392.490.004
veluraswitzerland.ch,QaddoumiBüelstrasse 678474 Dinhard,Schweiz 🇨🇭,CHE-288.953.868
velva.ch,Sandro Gerber,Schweiz 🇨🇭,Privatperson
vendio.ch,"Keine gültige Adresse, möglicher Verstoss gegen Art. 3 Abs. 1 lit. s UWG",Unbekannt 🏴‍☠️,
vendizi.ch,"Keine gültige Adresse, möglicher Verstoss gegen Art. 3 Abs. 1 lit. s UWG",Unbekannt 🏴‍☠️,
venero.ch,"Keine gültige Adresse, möglicher Verstoss gegen Art. 3 Abs. 1 lit. s UWG",Unbekannt 🏴‍☠️,
venevo-london.com,"Keine gültige Adresse, möglicher Verstoss gegen Art. 3 Abs. 1 lit. s UWG",Unbekannt 🏴‍☠️,
veniria.com,"Keine gültige Adresse, möglicher Verstoss gegen Art. 3 Abs. 1 lit. s UWG",Unbekannt 🏴‍☠️,
venopflast.ch,Bekjiroski E-Commerce,Schweiz 🇨🇭,CHE-293.375.055
venuvia.ch,Hohl Trading ?,Schweiz 🇨🇭,CHE-136.291.663
verenelle.com,"Keine gültige Adresse, möglicher Verstoss gegen Art. 3 Abs. 1 lit. s UWG",Unbekannt 🏴‍☠️,
verillo.ch,Doswald eCom,Schweiz 🇨🇭,CHE-404.049.220
veronora.ch,AB Com BV,Belgien 🇧🇪,1020012804
versand-studer.ch,,Schweiz 🇨🇭,
vesca.ch,Mabu GmbH,Schweiz 🇨🇭,CH-020.4.084.238-6
vestea-fashion.com,The Deliverybox BV,Niederlande 🇳🇱,
vexorin.ch,Karel Gonzalez,Schweiz 🇨🇭,Privatperson
vezana.ch,"Keine gültige Adresse, möglicher Verstoss gegen Art. 3 Abs. 1 lit. s UWG",Unbekannt 🏴‍☠️,
viamoderna.ch,"Keine gültige Adresse, möglicher Verstoss gegen Art. 3 Abs. 1 lit. s UWG",Unbekannt 🏴‍☠️,
viarla.com,Omni Ventures Hong Kong Limited,Hong Kong 🇭🇰,
vicoshundewelt.ch,HD Trading & Consulting KLG,Schweiz 🇨🇭,CHE-475.189.260
victorymix.ch,"Keine gültige Adresse, möglicher Verstoss gegen Art. 3 Abs. 1 lit. s UWG",Unbekannt 🏴‍☠️,
vidao.ch,Hamazi Commerce,Schweiz 🇨🇭,
viktorias.ch,"Keine gültige Adresse, möglicher Verstoss gegen Art. 3 Abs. 1 lit. s UWG",Unbekannt 🏴‍☠️,
vinciboutique.ch,"Keine gültige Adresse, möglicher Verstoss gegen Art. 3 Abs. 1 lit. s UWG",Unbekannt 🏴‍☠️,
vintage-royaute.ch,"Keine gültige Adresse, möglicher Verstoss gegen Art. 3 Abs. 1 lit. s UWG",Unbekannt 🏴‍☠️,
vintella.ch,"Keine gültige Adresse, möglicher Verstoss gegen Art. 3 Abs. 1 lit. s UWG",Unbekannt 🏴‍☠️,
violetandrose.de,Fraser Commerce,Niederlande 🇳🇱,88238075
violetrosee.com,Fraser Commerce,Niederlande 🇳🇱,88238075
virello.ch,Gian Luca BrandNiesenstrasse 263437 Utzenstorf,Schweiz 🇨🇭,
virevo.ch,Nadarajapillai Commerce,Schweiz 🇨🇭,CHE-154.284.566
virona.ch,Ecova Kessler,Schweiz 🇨🇭,Privatperson
vision-one.ch,Tiago CondeAlvierweg 19477 Trübbach,Schweiz 🇨🇭,
vistero.ch,"Keine gültige Adresse, möglicher Verstoss gegen Art. 3 Abs. 1 lit. s UWG",Unbekannt 🏴‍☠️,
vitality-schweiz.ch,"Keine gültige Adresse, möglicher Verstoss gegen Art. 3 Abs. 1 lit. s UWG",Unbekannt 🏴‍☠️,
vitanor.ch,"Keine gültige Adresse, möglicher Verstoss gegen Art. 3 Abs. 1 lit. s UWG",Unbekannt 🏴‍☠️,
vitavix.de,"Keine gültige Adresse, möglicher Verstoss gegen Art. 3 Abs. 1 lit. s UWG",Unbekannt 🏴‍☠️,
vivar.ch,LAUNCH VECTOR LLC,USA 🇺🇸,2023-001242121
vivario.ch,Pascal Rüegg,Schweiz 🇨🇭,Privatperson
vivozas.com,Goodiesforyou Limited,China 🇨🇳,
vlizo-berlin.de,Woofer Media B.V.,Niederlande 🇳🇱,90136470
vlizo-schweiz.com,Woofer Media B.V.,Niederlande 🇳🇱,90136470
vlizo-zurich.ch,Woofer Media B.V.,Niederlande 🇳🇱,90136470
vlizo-zurich.com,Woofer Media B.V.,Niederlande 🇳🇱,90136470
vlizo.com,Woofer Media B.V.,Niederlande 🇳🇱,90136470
voelkli.ch,Nando Ghirigatto,Schweiz 🇨🇭,Privatperson
vogel-mode.ch,Klusservice Veenendaal,Niederlande 🇳🇱,63834529
vogel-mode.ch,De Smalle Zijde 473903 LM Veenendaal,Niederlande 🇳🇱,
vogish.ch,"Keine gültige Adresse, möglicher Verstoss gegen Art. 3 Abs. 1 lit. s UWG",Unbekannt 🏴‍☠️,
vogue-zurich.com,"Keine gültige Adresse, möglicher Verstoss gegen Art. 3 Abs. 1 lit. s UWG",Unbekannt 🏴‍☠️,
voltrao.shop,"Keine gültige Adresse, möglicher Verstoss gegen Art. 3 Abs. 1 lit. s UWG",Unbekannt 🏴‍☠️,
volux.ch,"Keine gültige Adresse, möglicher Verstoss gegen Art. 3 Abs. 1 lit. s UWG",Unbekannt 🏴‍☠️,
von-adler.ch,Global E-Commerce 84,Niederlande 🇳🇱,91942926
voncronberg.com,"Keine gültige Adresse, möglicher Verstoss gegen Art. 3 Abs. 1 lit. s UWG",Unbekannt 🏴‍☠️,
vonzurichatelier.ch,"Keine gültige Adresse, möglicher Verstoss gegen Art. 3 Abs. 1 lit. s UWG",Unbekannt 🏴‍☠️,
voovo.ch,ecomlab GmbH,Schweiz 🇨🇭,CHE-156.908.722
vorena.ch,Mirjeta Ajvazai,Schweiz 🇨🇭,Privatperson
voriada.com,"Keine gültige Adresse, möglicher Verstoss gegen Art. 3 Abs. 1 lit. s UWG",Unbekannt 🏴‍☠️,
voroda.de,"Keine gültige Adresse, möglicher Verstoss gegen Art. 3 Abs. 1 lit. s UWG",Unbekannt 🏴‍☠️,
vorteilhaus.com,ABT Bau GmbH in Liquidation,Schweiz 🇨🇭,CHE-402.177.901
vsbeautyworld.com,"Keine gültige Adresse, möglicher Verstoss gegen Art. 3 Abs. 1 lit. s UWG",Unbekannt 🏴‍☠️,
vudy.ch,Astari GmbH,Schweiz 🇨🇭,CHE-142.108.738
vueva.ch,"Keine gültige Adresse, möglicher Verstoss gegen Art. 3 Abs. 1 lit. s UWG",Unbekannt 🏴‍☠️,
vulsive.com,Freeways GmbH,Schweiz 🇨🇭,CHE-237-208-429
vynxaria.com,"Keine gültige Adresse, möglicher Verstoss gegen Art. 3 Abs. 1 lit. s UWG",Unbekannt 🏴‍☠️,
wagner-lederhaus.com,"Keine gültige Adresse, möglicher Verstoss gegen Art. 3 Abs. 1 lit. s UWG",Unbekannt 🏴‍☠️,
wagnerzuri.ch,"Keine gültige Adresse, möglicher Verstoss gegen Art. 3 Abs. 1 lit. s UWG",Unbekannt 🏴‍☠️,
wagnerzurich.ch,MWL MGMT,Niederlande 🇳🇱,85266442
wagnerzurich.com,"Keine gültige Adresse, möglicher Verstoss gegen Art. 3 Abs. 1 lit. s UWG",Unbekannt 🏴‍☠️,
walthermode.com,GlobalCommerce Enterprises B.V.Geograaf 166921 EW Duiven,Niederlande 🇳🇱,93043260
warmood.ch,SQ-Commerce V.O.F.,Niederlande 🇳🇱,90027701
watchharbor.de,Woofer Media B.V.,Niederlande 🇳🇱,90136470
watchmart.ch,Swiss BD GmbH,Schweiz 🇨🇭,CH-020-4075843-7
wavenflo-zurich.ch,"Keine gültige Adresse, möglicher Verstoss gegen Art. 3 Abs. 1 lit. s UWG",Unbekannt 🏴‍☠️,
wear-nova.com,"Keine gültige Adresse, möglicher Verstoss gegen Art. 3 Abs. 1 lit. s UWG",Unbekannt 🏴‍☠️,
wearbreeze.de,Breeze DE,Grossbritannien 🇬🇧,
wearmaya.ch,"Keine gültige Adresse, möglicher Verstoss gegen Art. 3 Abs. 1 lit. s UWG",Unbekannt 🏴‍☠️,
weber-mode.ch,Shoppingroom Etemi,Schweiz 🇨🇭,CHE-143.958.768
weberbern.ch,Starc Ecom B.V.Route de Saint-Cergue 241260 Nyon,Schweiz 🇨🇭,
weberbern.ch,Starc Ecom B.V.Radarweg 291043 NX Amsterdam,Niederlande 🇳🇱,NL865633617B01
webermode.ch,"Keine gültige Adresse, möglicher Verstoss gegen Art. 3 Abs. 1 lit. s UWG",Unbekannt 🏴‍☠️,
wedealit.com,"Keine gültige Adresse, möglicher Verstoss gegen Art. 3 Abs. 1 lit. s UWG",Unbekannt 🏴‍☠️,
wedress.ch,"Keine gültige Adresse, möglicher Verstoss gegen Art. 3 Abs. 1 lit. s UWG",Unbekannt 🏴‍☠️,
weisszurich.com,VR,Belgien 🇧🇪,075396456
wellbeing-store.ch,Joy Corporate GmbH,Schweiz 🇨🇭,CHE‑407.475.263
wemodo.ch,"Keine gültige Adresse, möglicher Verstoss gegen Art. 3 Abs. 1 lit. s UWG",Unbekannt 🏴‍☠️,
westylehome.com,"Keine gültige Adresse, möglicher Verstoss gegen Art. 3 Abs. 1 lit. s UWG",Unbekannt 🏴‍☠️,
wiecel.com,SA ECOMWorld Trust TowerStanley Street 50Central Hong Kong,Hong Kong 🇭🇰,
wilhelmversand.ch,Smurnoy AP,Schweiz 🇨🇭,CHE-420.135.958
wilhelmwald.ch,Viral Promotion GmbH,Schweiz 🇨🇭,CHE-470.360.167
wilino.ch,"Keine gültige Adresse, möglicher Verstoss gegen Art. 3 Abs. 1 lit. s UWG",Unbekannt 🏴‍☠️,
willbach.ch,Alex Willener,Schweiz 🇨🇭,
willbach.ch,Alex WillenerAvenue du Lignon 711219 Vernier,Schweiz 🇨🇭,
williamsmelbourne.com,J.M. Trading B.V.,Niederlande 🇳🇱,90908775
willibraun.ch,"Keine gültige Adresse, möglicher Verstoss gegen Art. 3 Abs. 1 lit. s UWG",Unbekannt 🏴‍☠️,
willowandrosestore.com,Ladee and Franzl,Niederlande 🇳🇱,NL865639504B01
wilma-tassen.nl,"Keine gültige Adresse, möglicher Verstoss gegen Art. 3 Abs. 1 lit. s UWG",Unbekannt 🏴‍☠️,
wohnherz.ch,"Keine gültige Adresse, möglicher Verstoss gegen Art. 3 Abs. 1 lit. s UWG",Unbekannt 🏴‍☠️,
wolffashion.de,Hong Kong YaMing Group Limited,China 🇨🇳,76573564
wolkenschaukel.de,Malinao Limited,Hong Kong 🇭🇰,
womennest.ch,"Keine gültige Adresse, möglicher Verstoss gegen Art. 3 Abs. 1 lit. s UWG",Unbekannt 🏴‍☠️,
womenscare.ch,SR Revolution GmbH,Schweiz 🇨🇭,CHE-171.229.841
worldwide-market.ch,"Keine gültige Adresse, möglicher Verstoss gegen Art. 3 Abs. 1 lit. s UWG",Unbekannt 🏴‍☠️,
wuffiwelt.de,"Keine gültige Adresse, möglicher Verstoss gegen Art. 3 Abs. 1 lit. s UWG",Unbekannt 🏴‍☠️,
wunderwild.de,"Keine gültige Adresse, möglicher Verstoss gegen Art. 3 Abs. 1 lit. s UWG",Unbekannt 🏴‍☠️,
wunsch-stern.de,Malinao Limited,Hong Kong 🇭🇰,
wwmode.de,"He Ju Hezhong Group Co., Ltd",Hong Kong 🇭🇰,
wwmode.de,"Keine gültige Adresse, möglicher Verstoss gegen Art. 3 Abs. 1 lit. s UWG",Unbekannt 🏴‍☠️,
www.maxoffer.de,MICO CHEM GLOBAL LIMITED,Unbekannt 🏴‍☠️,
www.yozo.ch,"Keine gültige Adresse, möglicher Verstoss gegen Art. 3 Abs. 1 lit. s UWG",Unbekannt 🏴‍☠️,
xelio.ch,ScaleCom Schweiz KLG,Schweiz 🇨🇭,CHE-473.239.792
xn--rckenmacher-thb.ch,"Keine gültige Adresse, möglicher Verstoss gegen Art. 3 Abs. 1 lit. s UWG",Unbekannt 🏴‍☠️,
xn--zrich-modehaus-gsb.ch,"Keine gültige Adresse, möglicher Verstoss gegen Art. 3 Abs. 1 lit. s UWG",Unbekannt 🏴‍☠️,
xplorgreen.de,Andy Steingruber,Schweiz 🇨🇭,CHE-482.208.081
yoho.ch,"Keine gültige Adresse, möglicher Verstoss gegen Art. 3 Abs. 1 lit. s UWG",Unbekannt 🏴‍☠️,
you-goods-essentials.com,"Keine gültige Adresse, möglicher Verstoss gegen Art. 3 Abs. 1 lit. s UWG",Unbekannt 🏴‍☠️,
you-products.ch,"Keine gültige Adresse, möglicher Verstoss gegen Art. 3 Abs. 1 lit. s UWG",Unbekannt 🏴‍☠️,
youharmony-store.com,"Keine gültige Adresse, möglicher Verstoss gegen Art. 3 Abs. 1 lit. s UWG",Unbekannt 🏴‍☠️,
yourstoreswiss.ch,YourStoreSwiss Polizzi,Schweiz 🇨🇭,CHE-150.284.403
yoyou.ch,Lynice GmbH,Schweiz 🇨🇭,CHE-137.100.228
yu-me.ch,Shoppingroom Etemi,Schweiz 🇨🇭,CHE-143.958.768
yuvara.ch,Pascal AndermattRöschenzerstrasse 34053 Basel,Schweiz 🇨🇭,
yuwanet.ch,YUWANET GmbH,Schweiz 🇨🇭,CHE-192.574.166
yves-modehaus.ch,Goodiesforyou Limited,China 🇨🇳,
zabella.ch,OG Commerce GmbH,Schweiz 🇨🇭,CHE-278.357.481
zalana.ch,"Keine gültige Adresse, möglicher Verstoss gegen Art. 3 Abs. 1 lit. s UWG",Unbekannt 🏴‍☠️,
zalorun-clothing,"Keine gültige Adresse, möglicher Verstoss gegen Art. 3 Abs. 1 lit. s UWG",Unbekannt 🏴‍☠️,
zara-zurich.com,"Keine gültige Adresse, möglicher Verstoss gegen Art. 3 Abs. 1 lit. s UWG",Unbekannt 🏴‍☠️,
zarela-luzern.com,"Keine gültige Adresse, möglicher Verstoss gegen Art. 3 Abs. 1 lit. s UWG",Unbekannt 🏴‍☠️,
zarela-quebec.com,"Keine gültige Adresse, möglicher Verstoss gegen Art. 3 Abs. 1 lit. s UWG",Unbekannt 🏴‍☠️,
zarreti.ch,ECOMATIX LIMITED,Hong Kong 🇭🇰,77442039
zarreti.com,ECOMATIX LIMITED,Hong Kong 🇭🇰,77442039
zazoza-danmark.com,"Keine gültige Adresse, möglicher Verstoss gegen Art. 3 Abs. 1 lit. s UWG",Unbekannt 🏴‍☠️,
zazoza-swiss.com,"Keine gültige Adresse, möglicher Verstoss gegen Art. 3 Abs. 1 lit. s UWG",Unbekannt 🏴‍☠️,
zeals.ch,"Keine gültige Adresse, möglicher Verstoss gegen Art. 3 Abs. 1 lit. s UWG",Unbekannt 🏴‍☠️,
zeleva.ch,LTF ADS LIMITED,Niederlande 🇳🇱,76814623
zeleva.eu,LTF ADS LIMITED,Niederlande 🇳🇱,76814623
zenbodyshop.ch,PYROS MEDIA Sàrl,Schweiz 🇨🇭,CHE-474.841.514
zenith-zurich.com,"Keine gültige Adresse, möglicher Verstoss gegen Art. 3 Abs. 1 lit. s UWG",Unbekannt 🏴‍☠️,
zenvada.de,Zenvada E-Commerce,Niederlande 🇳🇱,95615164
zenze-zurich.com,Martinez Innovative,Niederlande 🇳🇱,72455616
zenze.ch,Martinez Innovative,Niederlande 🇳🇱,72455616
zerano.ch,Zerano,Schweiz 🇨🇭,
zermith.com,"Keine gültige Adresse, möglicher Verstoss gegen Art. 3 Abs. 1 lit. s UWG",Unbekannt 🏴‍☠️,
ziegler-zurich.ch,Ameling Commerce,Niederlande 🇳🇱,75733706
zieglerzurich.ch,KZ SMMA SOLUTIONS B.V.,Niederlande 🇳🇱,90519493
ziforia.de,"Keine gültige Adresse, möglicher Verstoss gegen Art. 3 Abs. 1 lit. s UWG",Unbekannt 🏴‍☠️,
zinora.ch,"Keine gültige Adresse, möglicher Verstoss gegen Art. 3 Abs. 1 lit. s UWG",Unbekannt 🏴‍☠️,
zivora.nl,"Keine gültige Adresse, möglicher Verstoss gegen Art. 3 Abs. 1 lit. s UWG",Unbekannt 🏴‍☠️,
zoisfragrance.ch,Omniventure Investment Group GmbHHöhenweg 2A8834 Schnidellegi,Schweiz 🇨🇭,
zonevo-london.com,KJ ECOM,Niederlande 🇳🇱,91412749
zonevo.ch,KJ ECOM,Niederlande 🇳🇱,91412749
zorenza.de,G. Dimmendaal Payment Collector B.V.,Niederlande 🇳🇱,88038173
zuhauseshop.ch,"Keine gültige Adresse, möglicher Verstoss gegen Art. 3 Abs. 1 lit. s UWG",Unbekannt 🏴‍☠️,
zula.se,E-COM BUY-UP COMPANY LIMITED,Grossbritannien 🇬🇧,13705169
zulakbh.dk,E-COM BUY-UP COMPANY LIMITED,Grossbritannien 🇬🇧,13705169
zulana.ch,JDW Online,Niederlande 🇳🇱,89256360
zulazurich.ch,E-COM BUY-UP COMPANY LIMITED,Grossbritannien 🇬🇧,13705169
zuramo.de,,Deutschland 🇩🇪,
zuri-fashion.ch,Arentsen DGTL,Niederlande 🇳🇱,91554241
zurich-feinste.ch,"Keine gültige Adresse, möglicher Verstoss gegen Art. 3 Abs. 1 lit. s UWG",Unbekannt 🏴‍☠️,
zurich-mode.com,"Keine gültige Adresse, möglicher Verstoss gegen Art. 3 Abs. 1 lit. s UWG",Unbekannt 🏴‍☠️,
zürich-modehaus.ch,"Keine gültige Adresse, möglicher Verstoss gegen Art. 3 Abs. 1 lit. s UWG",Unbekannt 🏴‍☠️,
zurich-muller.ch,"Keine gültige Adresse, möglicher Verstoss gegen Art. 3 Abs. 1 lit. s UWG",Unbekannt 🏴‍☠️,
zurichfashionboutique.com,Rijker Products,Niederlande 🇳🇱,89004779
zurichmodehaus.com,"Keine gültige Adresse, möglicher Verstoss gegen Art. 3 Abs. 1 lit. s UWG",Unbekannt 🏴‍☠️,
zurichshop.ch,Swiss E Group GmbH,Schweiz 🇨🇭,CHE-196.221.324
zurifashion.ch,Arentsen DGTL,Niederlande 🇳🇱,91554241
zurifashion.com,Arentsen DGTLvan Houtstraat 86921 BG Duiven,Niederlande 🇳🇱,
zurimode.ch,"Keine gültige Adresse, möglicher Verstoss gegen Art. 3 Abs. 1 lit. s UWG",Unbekannt 🏴‍☠️,
zv-nt.com,CredomKeizersgracht 5721017 EM Amsterdam,Niederlande 🇳🇱,77957326
